text,freq
а также,151695
пациентов с,114416
у пациентов,113011
и в,112203
у больных,107073
при этом,92748
в г,88258
и др,81703
так и,79131
в том,74792
в качестве,72642
по данным,68783
в течение,64923
по сравнению,63353
таким образом,60611
что в,59586
сравнению с,58821
может быть,57630
не только,57337
настоящее время,57144
в настоящее,56772
больных с,56087
с помощью,55511
и соавт,54426
том числе,53394
приводит к,53035
на основе,52693
но и,49803
от до,49407
в частности,49022
том что,48957
в результате,47997
показано что,47258
связи с,46327
кроме того,45999
в работе,45303
в связи,44017
в то,43800
за счет,40443
несмотря на,39296
о том,37517
на фоне,37495
в рамках,37167
с использованием,36751
у детей,36536
одним из,36206
в виде,35797
в россии,35636
а в,35589
в целом,35416
зависимости от,35363
в условиях,34164
так как,33820
в соответствии,32679
т е,31430
в группе,31310
и т,31096
соответствии с,31044
не менее,30935
в зависимости,30162
российской федерации,29563
в отношении,29314
во время,29139
отметить что,28819
в области,28507
в исследовании,28171
то же,27563
с учетом,27381
то что,27381
могут быть,27299
и на,27240
и с,26928
и их,26739
в случае,26573
из за,26493
в этом,26410
и не,26407
в процессе,25927
же время,25080
в году,25060
в случаев,25023
из них,24851
известно что,24419
с тем,24405
как и,24277
как в,24047
роль в,24045
связано с,24033
установлено что,23232
было показано,23171
с целью,23146
одной из,23066
как правило,22979
г в,22879
влияние на,22680
показали что,22326
и или,22189
и при,21930
в раза,21694
в возрасте,21581
в ряде,21287
зависит от,21040
что при,21040
и его,21012
в которых,20834
в в,20641
вместе с,20392
точки зрения,20378
по мнению,20283
в работах,20134
т д,20027
и других,19954
на основании,19908
в последние,19896
с этим,19845
для оценки,19735
в ходе,19650
в основном,19600
у женщин,19459
чем в,19242
представляет собой,19063
мм рт,19016
рт ст,18974
сердечно сосудистых,18937
в среднем,18920
и соответственно,18719
и более,18710
то время,18695
тем что,18682
в и,18651
и у,18616
в крови,18571
в период,18519
отличие от,18515
только в,18436
тем не,18411
что у,18330
в отличие,18192
данные о,18125
прежде всего,17997
в этой,17946
время как,17793
последние годы,17529
при использовании,17184
в свою,17072
риск развития,16948
на то,16942
и для,16807
однако в,16713
с другой,16665
чем у,16438
то есть,16403
свою очередь,16382
в сша,16281
на уровне,16232
в первую,16188
в большинстве,16133
следует отметить,16065
в литературе,15864
до лет,15786
по результатам,15752
со стороны,15738
в развитии,15686
первую очередь,15424
наряду с,15365
риска развития,15262
в котором,15246
в пределах,15240
при наличии,15214
связанных с,15015
и другие,14983
с в,14910
головного мозга,14836
в данном,14649
левого желудочка,14644
во всех,14584
у лиц,14545
более чем,14500
так в,14405
например в,14324
в сравнении,14277
у мужчин,14277
детей с,14216
того что,14167
сравнении с,14153
один из,14129
таких как,14125
ммоль л,14094
на рис,13971
и по,13932
с и,13826
в различных,13791
в сочетании,13628
для лечения,13560
связанные с,13517
а и,13475
также в,13429
в основе,13290
из которых,13279
сочетании с,13148
не было,13115
с точки,13041
в данной,12846
на протяжении,12838
с другими,12805
тогда как,12617
и как,12592
с г,12589
а а,12556
а не,12484
с по,12472
заключается в,12415
пациентов в,12284
сердечно сосудистой,12267
влияет на,12253
в которой,12168
в российской,12052
выше чем,12013
и и,11983
в дозе,11978
в мире,11973
на сегодняшний,11911
при лечении,11856
сегодняшний день,11828
в сфере,11810
при проведении,11779
мг сут,11749
с с,11736
ответ на,11719
и методы,11699
для определения,11630
в гг,11549
но не,11527
массы тела,11503
к снижению,11374
с одной,11309
свидетельствуют о,11193
на территории,11176
в дальнейшем,11166
в раз,11066
с развитием,11040
с применением,11030
связаны с,11017
что приводит,11000
лиц с,10940
по отношению,10903
в структуре,10891
в этих,10871
с высоким,10831
числе и,10740
мг кг,10723
г и,10703
в системе,10673
в других,10656
в себя,10643
другой стороны,10632
в сыворотке,10612
в странах,10600
наиболее часто,10595
в некоторых,10591
в нашем,10539
во многих,10512
факторов риска,10506
а с,10493
связана с,10483
тем самым,10476
отношению к,10396
одной стороны,10381
в конце,10378
х гг,10350
дозе мг,10349
более того,10345
по поводу,10253
в т,10211
с до,10209
из наиболее,10206
в исследованиях,10183
свидетельствует о,10170
в год,10133
в лечении,10101
в начале,10031
исследования в,10027
важную роль,10021
время в,9988
независимо от,9956
при помощи,9950
показал что,9916
и ее,9888
в последнее,9863
возрасте лет,9820
чаще всего,9801
изменения в,9798
к развитию,9793
и к,9784
влияния на,9736
у которых,9736
вопрос о,9676
большинстве случаев,9643
в плазме,9635
высокий уровень,9613
исследований в,9581
р р,9545
исходя из,9539
не может,9525
в составе,9503
в них,9466
пациенты с,9449
не всегда,9359
что может,9347
привести к,9309
т ч,9308
связан с,9281
мужчин и,9277
при отсутствии,9266
во многом,9234
что для,9204
и а,9154
лет и,9117
старше лет,9113
связь между,9006
такие как,8956
в одном,8950
сердечной недостаточности,8869
в нашей,8856
х годов,8830
что на,8813
с высокой,8783
в табл,8760
россии в,8745
нервной системы,8743
в разных,8719
что позволяет,8705
в силу,8703
в е,8697
с соавторами,8643
приводят к,8570
с увеличением,8529
что и,8519
в более,8513
качества жизни,8512
до сих,8498
последнее время,8485
сыворотке крови,8484
в организме,8472
сих пор,8469
т п,8432
так же,8374
в исследование,8304
крови и,8303
но в,8289
см с,8284
инфаркта миокарда,8243
в общей,8229
не является,8211
населения в,8200
представлены в,8166
в статье,8164
до в,8150
медицинской помощи,8136
в патогенезе,8132
после операции,8129
лет в,8114
с соавт,8094
по шкале,8088
больных в,8084
относится к,8057
одного из,8053
на поверхности,8053
были получены,8052
в анамнезе,8040
м с,8036
в ответ,8032
клинической практике,8020
за последние,8000
к увеличению,7999
в состав,7988
является одним,7977
с более,7973
по мере,7942
клеток в,7934
во первых,7853
при анализе,7829
на и,7828
по формуле,7825
из основных,7816
ведет к,7812
см например,7811
с аг,7805
в первые,7803
го типа,7802
в а,7796
клинических исследований,7789
артериального давления,7758
а б,7731
у всех,7717
этом случае,7705
которые могут,7663
по видимому,7650
не более,7639
т к,7639
факт что,7639
в клетках,7623
а именно,7616
приводить к,7613
участие в,7608
с данными,7599
изменений в,7585
как следствие,7568
вклад в,7562
у взрослых,7552
сосудистых заболеваний,7505
указывают на,7481
и даже,7480
в своей,7477
показывают что,7454
к тому,7440
а при,7415
клеток и,7402
или в,7339
в его,7317
для решения,7301
одна из,7292
состоит в,7285
в случаях,7217
для получения,7200
у них,7195
было установлено,7178
до и,7158
на тыс,7149
период с,7125
в пользу,7111
больных ра,7110
особенно в,7101
с последующим,7093
внимание на,7072
предположить что,7071
в большей,7059
как известно,7043
указывает на,7029
тот факт,7025
во вторых,7024
для всех,7016
в значительной,6965
на рынке,6961
привело к,6923
было выявлено,6911
для этого,6905
качество жизни,6901
в клинической,6893
что не,6892
детей в,6878
и после,6876
еще в,6868
повышение уровня,6861
того чтобы,6829
развития и,6814
в день,6773
нашем исследовании,6773
большое количество,6759
результаты исследования,6745
место в,6745
с а,6744
за период,6718
различия в,6712
показало что,6701
показывает что,6700
данных о,6679
в целях,6663
по г,6662
исследования и,6661
доказано что,6654
для того,6642
на развитие,6642
средний возраст,6622
м в,6612
при применении,6602
в таблице,6596
может привести,6580
при оценке,6548
которые в,6538
м и,6538
считают что,6526
раза в,6514
с наличием,6511
окружающей среды,6508
подход к,6506
в сутки,6497
ассоциируется с,6492
и может,6492
в стране,6491
системы в,6486
раз в,6483
под влиянием,6477
в их,6462
с участием,6452
к сожалению,6442
коррелирует с,6432
связи между,6423
побочных эффектов,6412
отметим что,6411
и от,6389
жизни и,6376
рассматривается как,6367
исследований и,6344
в формировании,6339
считается что,6336
только на,6335
исследования показали,6307
в рф,6301
ниже чем,6300
и развития,6292
как на,6281
послеоперационном периоде,6279
главным образом,6244
воздействие на,6228
на базе,6227
дыхательных путей,6226
с возрастом,6214
в группах,6208
а затем,6205
заболевания и,6205
предполагается что,6190
для проведения,6186
молочной железы,6166
смертности от,6158
аг и,6155
в с,6148
большей степени,6146
р и,6145
очевидно что,6141
начиная с,6140
в настоящей,6119
того в,6116
при котором,6112
на практике,6109
в общем,6098
воздействия на,6091
как при,6075
как у,6071
см рис,6055
даже в,6048
к г,6037
больных аг,6035
на их,6035
соавт и,6034
влияют на,6033
должны быть,6030
в х,6029
женщин в,6026
даже при,6025
что по,6025
материалы и,6025
в ней,6023
не в,6015
этой связи,6011
находится в,6010
а у,6001
коронарных артерий,5994
на в,5988
представляют собой,5983
мл мин,5975
эффективности и,5969
ил ил,5964
системы и,5953
в зоне,5927
к выводу,5915
в конечном,5913
сахарный диабет,5910
у здоровых,5902
терапии в,5901
лишь в,5898
цен на,5896
сосудистых осложнений,5891
одно из,5890
состоит из,5880
с различными,5868
чем при,5865
на примере,5855
для выявления,5849
эти данные,5846
до настоящего,5828
и женщин,5825
у пожилых,5817
в популяции,5811
гг в,5801
уже в,5799
этом в,5795
экономического развития,5793
инфаркт миокарда,5780
сведения о,5771
с сд,5767
образом в,5767
экономического роста,5751
е в,5729
в контексте,5729
риском развития,5727
в нем,5722
г г,5718
работы в,5715
провоспалительных цитокинов,5713
среди пациентов,5712
данном случае,5710
для анализа,5704
необходимо отметить,5702
данные по,5698
высоким риском,5693
в режиме,5683
костной ткани,5682
детей и,5672
настоящего времени,5651
имеет место,5646
или иной,5645
крови в,5641
следующим образом,5632
с результатами,5620
под действием,5612
плазме крови,5603
согласуется с,5574
и тем,5553
ключевые слова,5529
не могут,5522
фактором риска,5514
г по,5509
за исключением,5509
в м,5498
россии и,5495
высокого риска,5493
у из,5470
к ним,5470
что они,5468
через мес,5457
к настоящему,5454
относятся к,5442
между собой,5441
течение лет,5440
результаты и,5425
при ра,5415
практически не,5411
по изучению,5408
процессов в,5398
их в,5397
для каждого,5395
женщин с,5394
и является,5389
это связано,5386
миокарда и,5383
с хсн,5381
кг м,5379
частности в,5377
данной работе,5370
из самых,5366
и м,5358
для развития,5352
сердца и,5334
лечения и,5327
выявлено что,5324
влиять на,5324
также с,5321
данным литературы,5319
вплоть до,5314
цель исследования,5309
г на,5306
в современной,5306
пациента с,5293
лечения больных,5274
сша и,5273
не выявлено,5269
рекомендации по,5264
отмечено что,5250
сосудистой системы,5241
е а,5241
иммунной системы,5237
в другом,5237
было отмечено,5236
в европе,5227
же как,5226
только у,5213
значение в,5196
по крайней,5194
нг мл,5194
деятельности в,5182
последних лет,5182
крайней мере,5176
при исследовании,5165
ряде исследований,5165
как с,5158
о наличии,5157
и без,5153
при изучении,5143
в своем,5134
среди которых,5115
заболевания в,5106
сахарным диабетом,5096
ибс и,5093
в таких,5079
боли в,5071
при различных,5069
ответа на,5060
включает в,5053
иммунного ответа,5053
т клеток,5051
со снижением,5047
потому что,5039
что является,5035
составляет от,5034
если в,5023
человека и,5018
и е,5013
на наш,5006
хирургического лечения,5006
из этих,5003
во всем,4992
г л,4988
с его,4980
на его,4980
наш взгляд,4976
лекарственных средств,4975
в двух,4974
рис а,4972
ряде случаев,4971
согласно данным,4971
в форме,4970
зависят от,4969
должна быть,4968
снижение уровня,4962
до года,4960
нашей стране,4957
на момент,4953
для диагностики,4951
у пациента,4948
с их,4942
сосудистой стенки,4924
и другими,4922
чем на,4922
у большинства,4921
результаты исследований,4915
для достижения,4906
сд типа,4902
человека в,4897
эффективность и,4897
подходы к,4895
возрасте от,4894
др в,4885
подходов к,4884
н в,4878
может приводить,4877
образования и,4869
пациентам с,4858
то в,4857
в сторону,4855
потребность в,4852
факторы риска,4844
которые не,4837
жирных кислот,4836
болезни сердца,4822
для пациентов,4819
сша в,4819
различий в,4814
давления в,4811
на ранних,4807
до г,4801
полученные результаты,4791
при сравнении,4782
и о,4782
этот показатель,4766
в комбинации,4764
той или,4761
слизистой оболочки,4760
сахарного диабета,4759
применительно к,4752
в состоянии,4750
также и,4746
настоящему времени,4744
числе в,4740
можно выделить,4735
комбинации с,4734
соавт в,4727
тому что,4727
до конца,4725
л и,4717
исследования по,4708
что касается,4707
аг в,4699
лечения в,4689
значительной степени,4689
только при,4683
в своих,4683
больше чем,4682
больных ибс,4680
для обеспечения,4680
это не,4667
в норме,4663
для расчета,4661
в диапазоне,4660
взаимосвязь между,4643
настоящей работе,4640
однако при,4634
периферической крови,4631
высоким уровнем,4630
с фп,4623
отличается от,4615
и во,4611
по методу,4608
а на,4605
роста и,4597
в регуляции,4597
отношение к,4592
но при,4592
терапии и,4585
и смертности,4576
в гене,4575
направленных на,4573
вывод о,4571
исследований по,4563
не имеет,4560
и безопасности,4556
образования в,4548
к повышению,4545
н и,4537
с низким,4531
лекарственных препаратов,4528
клинических проявлений,4521
так например,4520
при выполнении,4514
артериальной гипертензии,4510
мг л,4506
мг дл,4501
при условии,4486
в одной,4479
как это,4473
говорить о,4473
не позволяет,4460
от всех,4459
как для,4459
осложнений и,4452
функции почек,4449
до начала,4441
подхода к,4435
затраты на,4424
также на,4424
той же,4423
и развитие,4423
в раннем,4422
хотя и,4419
миокарда в,4416
одном из,4416
только для,4407
выводу что,4405
на рисунке,4402
для изучения,4389
в послеоперационном,4387
общей популяции,4380
рис в,4376
и только,4374
также при,4357
с повышением,4356
и снижение,4355
с группой,4354
артериальная гипертензия,4354
процесса в,4354
в экономике,4351
лет с,4345
и за,4344
для создания,4342
можно предположить,4337
пациентов и,4336
интерес к,4332
ишемической болезни,4328
и что,4324
органов и,4323
только с,4322
с повышенным,4320
что с,4317
с ожирением,4313
с ибс,4311
интенсивной терапии,4307
более высокой,4307
возраст лет,4305
во внимание,4304
года в,4303
имеются данные,4298
от общего,4291
в отдельных,4291
именно в,4289
они не,4288
на уровень,4286
что он,4282
деятельности и,4279
значение для,4262
в н,4259
затрат на,4258
информации о,4253
должно быть,4252
с уровнем,4237
соединительной ткани,4234
т лимфоцитов,4214
поэтому в,4214
данных по,4203
в тканях,4202
в диагностике,4191
с ра,4188
в современных,4182
также не,4176
антител к,4175
последние лет,4169
отмечают что,4167
у людей,4164
е и,4157
тенденция к,4143
коленного сустава,4143
пг мл,4140
с образованием,4138
условия для,4138
во времени,4133
является одной,4130
требования к,4130
низкий уровень,4127
участвует в,4127
жизни в,4122
с чем,4120
приводило к,4113
было проведено,4113
введение в,4111
в себе,4110
жировой ткани,4102
должен быть,4102
высокий риск,4101
в эксперименте,4094
большое значение,4092
группе пациентов,4089
диагностики и,4089
его в,4081
т и,4078
при их,4071
ад и,4071
по оценке,4068
в печени,4064
среди больных,4064
полученные в,4061
г а,4046
который в,4044
мочевого пузыря,4039
совместно с,4038
на всех,4038
развитых странах,4034
среди них,4028
и лечения,4028
сердца ибс,4018
спроса на,4017
согласуются с,4016
по прежнему,4014
сделать вывод,4012
на более,4011
материал и,4008
на этапе,4004
что это,3993
факторами риска,3991
о необходимости,3988
больных сд,3983
для исследования,3979
как минимум,3977
работы по,3972
а н,3972
некроза опухоли,3971
период гг,3969
высшего образования,3963
за рубежом,3962
пока не,3961
которых в,3960
по себе,3960
всего в,3958
в итоге,3950
а для,3948
о влиянии,3945
не существует,3943
оксида азота,3939
и до,3939
в настоящем,3934
с риском,3931
следует что,3931
можно отнести,3928
течение мес,3924
на й,3923
всем мире,3919
с момента,3915
из пациентов,3910
препарата в,3906
течение года,3904
того как,3904
находятся в,3894
происходит в,3890
данные об,3889
может служить,3888
для профилактики,3888
в первом,3883
м н,3881
является наиболее,3877
с е,3873
осложнений в,3873
профессиональной деятельности,3868
не превышает,3862
вывод что,3859
ил и,3858
в регионе,3858
по методике,3855
желудочно кишечного,3833
оценки эффективности,3832
в плане,3829
опухолевых клеток,3822
выше в,3821
типа и,3821
чаще чем,3821
и следовательно,3818
к концу,3815
ч после,3814
при развитии,3813
н д,3809
группе больных,3805
некоторые авторы,3804
на первом,3804
в каждом,3804
данным и,3800
группы в,3798
им и,3794
в тех,3794
результате чего,3793
тыс населения,3791
поджелудочной железы,3784
в этот,3780
с нарушением,3779
заболеваний в,3778
м м,3778
препаратов в,3775
к уменьшению,3773
лет назад,3773
это может,3771
я группа,3769
на лечение,3767
в той,3766
более лет,3760
мес после,3760
тем более,3759
особенно при,3759
г с,3758
действие на,3755
были выявлены,3753
на себя,3752
о в,3750
речь идет,3749
от других,3748
влияющих на,3744
в клинических,3742
при с,3740
кишечного тракта,3735
в обеих,3733
основанные на,3732
с этой,3728
также может,3728
рассматривать как,3725
в последующем,3724
и г,3722
клинических исследованиях,3721
см в,3719
продолжительность жизни,3717
в нескольких,3716
и пр,3714
все это,3710
для сравнения,3709
смертность от,3704
того же,3702
по сути,3700
мин м,3700
настоящего исследования,3700
в отечественной,3699
млн человек,3699
у мышей,3699
полученные данные,3691
с ними,3683
ряде работ,3682
е годы,3681
к этому,3675
д в,3667
между тем,3659
исследовании и,3655
степени тяжести,3655
с ним,3653
и безопасность,3651
частота развития,3650
полагают что,3648
с частотой,3643
что применение,3643
хотя бы,3642
к росту,3641
еще не,3641
болевого синдрома,3638
в присутствии,3637
сравнению со,3636
для формирования,3635
а по,3634
в основу,3631
м а,3626
им в,3625
можно считать,3621
положительное влияние,3617
социально экономического,3614
населения и,3609
государственного управления,3607
связь с,3605
ад в,3603
с плацебо,3602
по всей,3602
с последующей,3600
толстой кишки,3596
от г,3592
больных хобл,3590
политики в,3589
показано в,3585
инвестиций в,3584
обнаружено что,3582
при температуре,3581
пришли к,3579
основан на,3576
поскольку в,3569
массой тела,3567
у человека,3567
нижних конечностей,3566
сердечная недостаточность,3566
из первых,3564
в республике,3561
к которым,3561
фоне терапии,3559
лет после,3557
на этом,3556
к числу,3556
более высокий,3553
необходимо учитывать,3553
особое внимание,3552
некоторых случаях,3552
среди всех,3546
ранних стадиях,3542
всех пациентов,3540
предстательной железы,3539
в модели,3538
здоровых лиц,3536
исследовании в,3536
е гг,3535
производства и,3534
было обнаружено,3534
об этом,3529
не вызывает,3529
так по,3527
для повышения,3523
в д,3522
важно отметить,3520
во второй,3519
пациентов перенесших,3518
приведены в,3518
фактора роста,3518
г м,3513
информацию о,3513
была выявлена,3508
н а,3505
р в,3503
между ними,3501
что все,3500
например при,3496
в ее,3494
представление о,3494
между группами,3493
т в,3491
сердечной недостаточностью,3491
обменного курса,3491
терапии у,3490
в полной,3487
из важнейших,3486
к формированию,3485
человеческого капитала,3483
пациентов получавших,3483
тела и,3482
рф в,3477
женщин и,3476
по уровню,3474
используется в,3473
меньше чем,3469
у и,3467
л в,3465
в п,3465
в момент,3460
мозга и,3460
костного мозга,3459
больные с,3458
при его,3457
случаев в,3455
устойчивого развития,3452
печени и,3450
большая часть,3448
пациентов после,3446
вне зависимости,3445
в й,3444
п п,3443
й й,3443
определяется как,3438
от начала,3436
экономический рост,3433
работе в,3432
течение ч,3432
к лечению,3430
б в,3429
для которых,3429
в виду,3429
хронической сердечной,3427
представления о,3427
начале х,3426
др и,3424
до мг,3423
антитела к,3421
отмечает что,3417
связывают с,3414
пациентов со,3411
наименьших квадратов,3410
оказалось что,3409
что связано,3409
сосудистых событий,3409
составляет около,3407
далеко не,3407
на животных,3407
участвующих в,3406
в германии,3404
и могут,3403
фактор роста,3400
с пациентами,3399
у крыс,3396
связанной с,3394
развития в,3393
на душу,3392
п дпри,3391
также что,3390
основанный на,3390
по лечению,3389
кровотока в,3388
которые были,3388
все эти,3387
н н,3385
конечном итоге,3384
на е,3382
и повышение,3379
на формирование,3378
дает возможность,3375
не имеют,3373
с острым,3368
заболеваний и,3367
мг в,3366
отмечается что,3363
данных и,3362
на наличие,3362
у пациенток,3361
лечения пациентов,3352
течение дней,3351
не были,3350
направленные на,3350
клинические проявления,3346
при которых,3344
приходится на,3344
в миокарде,3343
при приеме,3339
как было,3338
продолжительности жизни,3337
в части,3334
ни в,3330
от уровня,3328
н м,3327
меньшей степени,3327
году в,3327
участвуют в,3325
проявляется в,3324
можно рассматривать,3323
и это,3321
диагностике и,3316
активности и,3314
о возможности,3312
что свидетельствует,3310
у этих,3309
получены в,3306
из двух,3305
снижение риска,3303
страны в,3302
является то,3298
также для,3296
он не,3296
профессионального образования,3295
факторов в,3294
и р,3294
стволовых клеток,3293
примерно в,3292
более высокие,3286
по типу,3285
нашего исследования,3284
почечной недостаточности,3283
основана на,3282
комбинированной терапии,3277
больных и,3271
о чем,3269
при увеличении,3269
по его,3260
на мм,3259
данных в,3259
времени в,3259
не являются,3258
базы данных,3257
с хбп,3256
с низкой,3256
для их,3249
подчеркнуть что,3249
каких либо,3249
низкой плотности,3248
времени и,3246
образа жизни,3245
характер и,3245
до с,3245
может иметь,3243
было продемонстрировано,3241
на г,3238
по их,3237
встречается в,3236
видно что,3235
смертности в,3234
на разных,3232
в контрольной,3230
соответственно в,3230
сердечных сокращений,3229
что именно,3229
случае если,3229
которая в,3226
означает что,3226
генов и,3225
использования в,3225
составляет в,3225
под воздействием,3221
с хронической,3220
крови у,3218
включенных в,3217
к примеру,3215
работы с,3214
работ по,3212
других авторов,3201
сосудов и,3199
душу населения,3197
повышенный уровень,3197
или с,3195
при которой,3195
при назначении,3194
колеблется от,3194
для реализации,3191
были включены,3190
говорит о,3190
полной мере,3190
данный момент,3186
из этого,3177
в первой,3176
через ч,3174
человек в,3174
при определении,3173
легких и,3171
потребности в,3168
что эти,3165
в обществе,3162
и из,3161
больных туберкулезом,3159
от того,3158
на них,3157
и через,3155
работ в,3153
ключевую роль,3152
легочной артерии,3148
в будущем,3148
сердечно сосудистые,3148
смерти от,3147
стоит отметить,3147
общего числа,3144
соответственно и,3143
воспалительного процесса,3142
заболеваемости и,3141
в развитых,3140
а к,3140
сут в,3137
щитовидной железы,3136
каждого из,3136
риска и,3132
работе и,3131
мы не,3126
методов лечения,3122
типа в,3118
с ростом,3114
пациентов на,3113
способность к,3113
годы в,3110
применения в,3109
продемонстрировано что,3107
этой группы,3105
ор ди,3104
ра и,3101
особенно у,3093
течение первых,3093
в пространстве,3092
на различных,3092
артериальное давление,3090
на стадии,3088
к нарушению,3088
ткани и,3087
все более,3086
при разработке,3085
в оценке,3082
грудной клетки,3080
основной причиной,3076
ряд авторов,3070
у таких,3070
сердца в,3069
последние десятилетия,3068
возрасте до,3068
брюшной полости,3067
с года,3066
в середине,3065
в развитие,3060
к более,3058
или иных,3057
и увеличение,3054
для больных,3054
взаимосвязи между,3054
цитокинов и,3052
таких пациентов,3052
применение в,3052
т с,3050
быть связано,3045
воспаления и,3044
этот период,3043
до мм,3043
целый ряд,3031
за собой,3028
и обсуждение,3025
в процессах,3025
с синдромом,3024
в мировой,3024
контрольной группе,3022
в меньшей,3021
связанный с,3021
различия между,3020
случаях когда,3016
и н,3015
проводили с,3012
на данный,3012
исследования с,3010
бедренной кости,3009
что соответствует,3008
лж и,3007
хс лпнп,3005
включения в,3002
условий для,2996
различий между,2996
данной категории,2995
т н,2991
развития сердечно,2989
встречается у,2985
и мг,2985
побочные эффекты,2984
что уровень,2982
области в,2981
к их,2980
экономики и,2979
мягких тканей,2979
е сутки,2977
борьбы с,2973
экономики в,2973
быть использованы,2967
не удалось,2967
преимущественно в,2965
фоне приема,2963
и сердечно,2963
для мужчин,2963
было бы,2961
в отсутствие,2960
без учета,2960
и оценки,2956
структуры и,2953
из главных,2952
пожилого возраста,2952
можно объяснить,2952
сердечно сосудистого,2952
тому же,2948
на терапию,2947
менее чем,2944
клиническую практику,2944
в районе,2944
технологий в,2942
тех же,2942
что было,2941
н э,2941
большого количества,2936
удельный вес,2936
доступ к,2936
млрд долл,2934
или иного,2933
методы в,2933
см табл,2932
значительно выше,2932
данной работы,2931
в великобритании,2929
труда и,2927
научных исследований,2927
это было,2926
сельского хозяйства,2926
с х,2926
взаимодействия с,2923
в два,2921
хотя в,2921
почек и,2920
принятия решений,2920
была показана,2920
но также,2920
воды в,2918
что также,2916
болезнь сердца,2915
и старше,2915
т а,2913
другом исследовании,2913
к и,2909
входящих в,2906
после трансплантации,2905
ритма сердца,2905
широкое распространение,2904
все же,2903
сд го,2903
является важным,2902
в стационаре,2902
й перцентили,2901
корреляция между,2900
учитывая что,2898
экспрессии генов,2897
кг в,2896
мозгового кровообращения,2895
толерантности к,2895
среднем на,2893
жизни пациентов,2893
настоящем исследовании,2892
клубочковой фильтрации,2890
пациентов без,2890
как видно,2889
устойчивости к,2889
расходов на,2888
боль в,2888
фв лж,2887
метод наименьших,2887
на долю,2880
методы исследования,2879
можно использовать,2879
тыс человек,2877
в москве,2876
информация о,2876
основанием для,2875
и то,2874
они могут,2874
г сут,2874
и поэтому,2872
может стать,2869
товаров и,2868
возраста и,2866
с м,2865
активности в,2865
с контрольной,2863
пациентов не,2863
мутации в,2863
того или,2862
а м,2860
из причин,2860
процесса и,2860
в легких,2859
с поражением,2857
на две,2856
ассоциированных с,2855
этой области,2854
концентрации в,2853
раза выше,2849
к в,2848
управления в,2846
и гг,2846
основывается на,2843
в современном,2843
в каждой,2839
на по,2839
при выборе,2838
в динамике,2837
ишемии миокарда,2834
в ткани,2834
рис б,2833
и услуг,2833
не столько,2832
те же,2831
пациента в,2825
используется для,2824
ряда авторов,2821
каждый из,2817
пожилых пациентов,2815
обеих группах,2815
в основной,2812
что наиболее,2810
входит в,2810
что использование,2808
в определении,2808
может способствовать,2808
как уже,2807
и развитием,2807
об эффективности,2802
ибс в,2801
г было,2799
пациенток с,2797
на период,2796
сравнительный анализ,2796
стран в,2794
тех или,2792
кроме этого,2791
от наличия,2790
ранее в,2789
контрольной группой,2789
для описания,2789
при длительном,2788
наличие в,2784
по причине,2783
по разным,2783
настоящий момент,2783
по этой,2781
играет важную,2776
государственной власти,2774
считать что,2774
функционального состояния,2773
в моче,2772
у животных,2769
частота встречаемости,2768
в центре,2767
группе с,2765
как по,2764
что она,2764
повышения эффективности,2761
еще более,2758
представлена в,2758
такой подход,2757
устойчивость к,2755
за г,2748
что если,2748
в среде,2748
это позволяет,2746
н с,2741
федерации в,2741
совпадает с,2741
в регионах,2740
организации и,2740
и составляет,2740
в экспериментах,2739
важное значение,2738
науки и,2737
работе с,2736
и подростков,2734
в таком,2733
повышенным риском,2730
за гг,2729
мкмоль л,2729
у новорожденных,2729
негативное влияние,2727
х годах,2725
для различных,2724
опухоли и,2724
на а,2724
идет о,2722
почти в,2720
не влияет,2720
в терапии,2719
можно сделать,2718
высокая частота,2717
по частоте,2717
и лечению,2717
т т,2717
еще одним,2714
согласно рекомендациям,2713
однако не,2709
клинические исследования,2708
за год,2708
к нему,2707
результаты лечения,2707
на это,2706
фоне лечения,2705
между уровнем,2705
к изменению,2704
фактора некроза,2704
при обследовании,2702
и й,2699
до операции,2698
по всем,2697
результаты были,2696
своей работе,2694
по этому,2694
которых является,2693
в направлении,2691
друг от,2687
на м,2687
можно было,2687
от друга,2686
участия в,2686
этого заболевания,2684
время не,2683
индекс массы,2683
из группы,2678
от возраста,2678
при необходимости,2677
при решении,2677
увеличивает риск,2676
полученных результатов,2675
развитых стран,2673
и пациентов,2672
и таким,2671
а значит,2671
показателей в,2669
клетки и,2668
в следующем,2665
с отсутствием,2663
к терапии,2662
в особенности,2661
которые являются,2661
находящихся в,2659
для них,2659
низким уровнем,2658
внешней среды,2657
по нашему,2657
с большим,2657
ассоциировано с,2653
из ключевых,2651
после начала,2651
через нед,2651
центральной нервной,2650
эндотелиальной дисфункции,2649
не все,2647
интересно что,2647
работы и,2645
что способствует,2641
с позиций,2641
исследованиях и,2639
менее в,2639
по времени,2636
е е,2636
инфекции в,2633
никогда не,2632
одновременно с,2630
мужчин с,2630
отказ от,2629
среды и,2628
и являются,2627
сонных артерий,2623
установили что,2623
в клиническую,2618
и имеет,2617
осложнений у,2617
и среднего,2617
были использованы,2616
ткани в,2614
и далее,2610
скорее всего,2610
терапии при,2610
число пациентов,2609
настоящей работы,2607
в японии,2607
рекомендаций по,2606
однако по,2606
от степени,2605
привели к,2604
это в,2603
исследований с,2602
людей с,2599
после проведения,2596
или даже,2595
а г,2594
сд и,2593
через лет,2591
и все,2588
когнитивных функций,2587
этот процесс,2587
как показано,2586
к группе,2585
доступа к,2584
углеводного обмена,2584
и особенно,2582
высокого уровня,2582
чувствительности к,2579
жизни больных,2579
данные свидетельствуют,2575
из трех,2575
исследовании у,2573
что наличие,2572
и эффективности,2571
полости рта,2568
внимание уделяется,2566
по нашим,2565
основанных на,2564
с формированием,2563
одну из,2563
млрд руб,2560
под руководством,2559
и развитию,2558
для женщин,2558
варьирует от,2558
последнее десятилетие,2554
в клинике,2553
мл кг,2552
в третьих,2552
в неделю,2552
были обнаружены,2551
рассматриваться как,2551
между и,2549
каждой из,2546
технологий и,2545
были опубликованы,2544
более высокая,2542
по своей,2541
на снижение,2541
пациентов при,2540
и социально,2540
исследование в,2539
используются в,2539
необходимых для,2539
уже на,2538
связанная с,2536
этот метод,2535
резистентности к,2533
с хобл,2531
предположение что,2530
к образованию,2529
людей в,2528
относительный риск,2526
время беременности,2526
что во,2526
с на,2526
проводили в,2526
и качества,2525
для разработки,2521
по классификации,2521
прошлого века,2520
от их,2518
неблагоприятный прогноз,2517
что более,2517
в экспериментальных,2515
при снижении,2515
на ее,2515
на качество,2514
заработной платы,2514
на нефть,2511
мнение что,2510
взрослого населения,2509
мужчин в,2508
рф и,2508
считает что,2507
но с,2507
данного исследования,2507
большое внимание,2504
что позволило,2504
для поддержания,2503
х х,2501
процессы в,2500
мг раза,2500
не зависит,2500
оперативного вмешательства,2499
воспаления в,2498
том же,2496
и уровень,2496
л н,2496
по определению,2496
отрицательное для,2495
вич инфекции,2495
болезнью сердца,2494
эндотелиальных клеток,2493
является не,2493
и высокой,2493
со временем,2493
видно из,2491
отражение в,2488
после введения,2487
в совокупности,2487
значение имеет,2486
уже не,2484
россии на,2483
оценивали по,2483
среди женщин,2481
е место,2480
наблюдается в,2480
по гг,2480
государства в,2480
что частота,2478
ишемическая болезнь,2477
при сд,2477
таких больных,2476
а следовательно,2476
этих препаратов,2473
что этот,2469
см также,2468
к м,2467
контрольной группы,2467
все больше,2466
среди лиц,2466
особый интерес,2466
он был,2465
нашему мнению,2464
среднее значение,2464
там же,2462
риска в,2462
сердечного ритма,2462
течение мин,2462
рис и,2461
и результаты,2461
масса тела,2460
в научной,2460
анализа и,2459
или при,2455
ч в,2451
у одного,2451
год в,2451
повышает риск,2450
всех больных,2450
пациентов у,2449
при поступлении,2447
данной группы,2446
требований к,2446
основой для,2445
функциональной активности,2445
исследовании было,2444
для каждой,2443
эпидемиологических исследований,2442
аг у,2442
так при,2441
работ посвященных,2441
ра в,2440
в покое,2437
млн лет,2436
в годах,2435
можно найти,2434
в наших,2434
первого года,2429
года после,2429
для использования,2429
перекисного окисления,2429
от ссз,2428
в китае,2426
для всей,2426
безопасности и,2425
были проведены,2424
во втором,2424
у беременных,2423
в процесс,2422
на течение,2422
с тяжелой,2420
иммунный ответ,2419
артериальной гипертензией,2419
смерти в,2417
в клеток,2417
разных авторов,2415
не на,2415
или на,2414
ад мм,2414
странах мира,2414
всех случаях,2413
наблюдения за,2412
средств и,2412
давления ад,2412
предположение о,2411
на с,2411
цены на,2410
производительности труда,2410
тенденцию к,2409
выше у,2409
среди мужчин,2409
всех случаев,2409
широкое применение,2408
длительное время,2404
из ведущих,2404
с мочой,2404
у молодых,2403
определяли по,2402
при формировании,2401
для выполнения,2398
по применению,2398
заметим что,2397
в дополнение,2396
работах и,2396
результаты в,2395
информационных технологий,2394
приводящих к,2394
какой либо,2393
причем в,2391
к инсулину,2391
мозга в,2390
ассоциирован с,2389
развитие и,2387
помимо этого,2387
сыворотки крови,2387
так называемых,2385
мг м,2385
наши данные,2385
сч т,2383
рф от,2383
такими как,2382
странах с,2381
хсн и,2381
в числе,2381
в спине,2381
у больного,2380
больным с,2380
после чего,2379
среды в,2377
на современном,2377
европейского общества,2377
в многочисленных,2377
этом не,2376
в это,2375
при остром,2374
исследования на,2374
в на,2374
к его,2374
и наличие,2373
послеоперационных осложнений,2372
течение нескольких,2372
когда в,2371
степени выраженности,2371
момент времени,2371
при введении,2370
роста в,2370
хирургического вмешательства,2368
дополнение к,2368
спинного мозга,2367
и зарубежных,2367
два раза,2366
об отсутствии,2365
для применения,2364
расходы на,2363
ряд исследований,2363
по некоторым,2360
связанного с,2360
года и,2360
до м,2360
в широком,2359
за пределы,2359
разных странах,2359
течение нед,2359
положительный эффект,2359
и степени,2359
основываясь на,2358
за лет,2358
добавленной стоимости,2356
рандомизированных исследований,2355
уровня в,2354
труда в,2354
исследований посвященных,2353
не просто,2353
здоровых людей,2353
в детском,2350
о роли,2348
функции и,2346
корреляции между,2346
злокачественных новообразований,2346
к применению,2345
также у,2345
кислорода в,2344
сказать что,2343
данным исследования,2341
взрослых пациентов,2340
на данных,2339
в интервале,2339
период до,2337
что после,2337
влияющие на,2336
что обусловлено,2336
для снижения,2336
не был,2334
к возникновению,2334
является основным,2333
окисления липидов,2332
общества и,2332
исполнительной власти,2332
их обсуждение,2331
с н,2331
фп в,2330
такого рода,2329
й группы,2327
основанная на,2327
с которыми,2326
для россии,2326
форм кислорода,2326
так называемые,2324
основаны на,2322
уровень доказательности,2321
с позиции,2320
при аг,2320
с т,2320
что даже,2318
данным разных,2318
г до,2316
согласно которому,2316
активных форм,2316
согласно которой,2316
процессов и,2315
на повышение,2315
данном исследовании,2314
ситуации в,2312
друг друга,2312
гладкомышечных клеток,2310
в рекомендациях,2310
в орит,2308
модели в,2307
может рассматриваться,2307
некоторые из,2306
см и,2306
по диагностике,2305
й линии,2304
на границе,2302
во франции,2302
отличаются от,2300
через год,2300
больных хсн,2299
ишемического инсульта,2298
них в,2297
большинства пациентов,2297
на риск,2296
к таким,2295
спрос на,2294
базируется на,2294
за сч,2293
и которые,2292
число больных,2292
м к,2292
факторов и,2291
до при,2291
организации здравоохранения,2290
более высокую,2290
летального исхода,2290
содержания в,2289
предполагают что,2289
давление в,2288
препаратов и,2287
конце х,2287
от сердечно,2286
заболевания у,2285
этого показателя,2285
еще один,2284
это приводит,2283
первой линии,2283
в самом,2279
и реализации,2279
согласно результатам,2278
зависимость между,2276
а см,2275
в реализации,2275
тот же,2275
связывается с,2273
санкт петербург,2272
мнению авторов,2272
является независимым,2272
ссз в,2272
чувствительность к,2271
в любом,2269
др а,2268
с реактивного,2268
после лечения,2266
и наиболее,2266
и позволяет,2266
на три,2265
которая может,2265
пор не,2265
обучения и,2264
этого метода,2263
не была,2263
все чаще,2263
пребывания в,2262
воспалительной реакции,2262
стран с,2262
й и,2262
патологического процесса,2261
нуждаются в,2260
лиц в,2260
был проведен,2260
в реальной,2259
на показатели,2259
вероятность развития,2259
тех пор,2259
для построения,2259
сводится к,2258
у некоторых,2256
с различной,2255
и выше,2255
две группы,2254
также является,2253
риск смерти,2253
л а,2252
тыс руб,2252
метаболического синдрома,2251
и со,2251
реактивного белка,2251
прямой кишки,2250
с при,2250
общей смертности,2250
день в,2248
могут служить,2247
больных перенесших,2246
научной литературе,2246
и клинических,2244
республики беларусь,2244
что согласуется,2243
данным ряда,2242
так что,2241
с ее,2241
в объеме,2240
целом и,2239
по итогам,2238
время и,2238
всемирной организации,2237
связанное с,2235
утверждать что,2234
производства в,2234
по степени,2232
относящихся к,2232
наличие у,2232
окислительного стресса,2231
ишемической болезнью,2231
у данной,2230
и сша,2228
от его,2227
и степень,2227
экспериментальных исследований,2227
как к,2227
категории больных,2225
и приводит,2225
что несмотря,2224
на состояние,2223
в западной,2223
что среди,2222
артерий и,2222
а п,2221
где в,2221
белка в,2221
новых случаев,2221
на первый,2220
нашим данным,2217
всем пациентам,2216
из стран,2216
с окс,2215
для более,2215
продукции и,2214
до н,2214
и уровня,2213
тем в,2213
в центральной,2212
хх в,2212
сообщения о,2211
данной патологии,2211
более высоким,2211
р а,2211
миокарда им,2211
на группы,2209
й группе,2207
об их,2206
рассматривается в,2205
существенное влияние,2205
органов мишеней,2204
нагрузки на,2203
в положении,2203
содержание в,2203
крови при,2202
с уменьшением,2202
на результаты,2202
группа группа,2202
системы управления,2201
что снижение,2201
вич инфекцией,2201
управления и,2200
инфарктом миокарда,2200
по критериям,2200
реакции на,2198
направлены на,2198
ст и,2198
имт кг,2197
и были,2197
это обусловлено,2196
не позволяют,2196
поэтому для,2195
сразу после,2195
веществ в,2194
к году,2193
полученных данных,2193
что увеличение,2193
систем в,2193
обучения в,2192
полученные нами,2191
различных видов,2189
особое значение,2188
в группу,2188
на вопрос,2185
осложнений при,2184
на том,2183
с другом,2182
в снижении,2182
и п,2180
января г,2178
пациента и,2176
лет у,2176
инсульта и,2175
друг с,2175
только от,2174
социально экономических,2173
артериальной гипертонии,2173
заметить что,2173
широкий спектр,2172
или более,2172
имеет вид,2171
что делает,2170
сосудистого риска,2169
миокарда лж,2169
до мес,2169
больных получавших,2168
по всему,2166
взаимодействие с,2165
пут м,2163
данным в,2160
высокой плотности,2159
активность в,2158
разделены на,2156
коронарной артерии,2156
условий торговли,2156
с показателями,2154
в несколько,2154
на рост,2153
физической активности,2153
в теории,2152
ссз и,2151
знаний и,2151
как результат,2151
снижает риск,2150
риска сердечно,2150
ч и,2148
отношения к,2147
числе с,2146
с нормальным,2146
большое число,2145
исследований было,2143
и функции,2142
из важных,2141
для детей,2141
оценки качества,2140
конечном счете,2140
в практике,2140
между двумя,2140
рабочей силы,2140
рекомендациях по,2140
эти результаты,2139
лимфатических узлов,2139
денежно кредитной,2137
точка зрения,2137
в определенной,2136
на этот,2136
время для,2135
на эффективность,2134
для этих,2134
с см,2134
на все,2133
к оценке,2132
в настоящий,2132
эффективности лечения,2130
лишь у,2130
по разному,2130
с им,2129
и наконец,2129
гена в,2129
культуры и,2129
был предложен,2128
для большинства,2128
больных со,2128
исследованиях было,2128
для улучшения,2128
аг с,2128
другие авторы,2127
и отсутствие,2127
факторов на,2124
что к,2124
этот факт,2122
дней после,2121
с изменением,2121
на самом,2120
о и,2120
на экономический,2119
находящихся на,2119
на прогноз,2119
в организации,2118
стран мира,2118
инфекционных осложнений,2116
примерно у,2112
прогностическое значение,2112
современном этапе,2111
разделить на,2111
была предложена,2110
из всех,2108
может являться,2108
продукции в,2107
что большинство,2107
хс лпвп,2106
самом деле,2105
случаев на,2104
нарушений в,2102
ресурсов и,2101
темпы роста,2101
лет лет,2101
из больных,2101
системы с,2101
учитывать что,2100
составила в,2099
по и,2099
инновационной деятельности,2098
этих пациентов,2097
в к,2096
в другой,2096
и имеют,2093
пожилых людей,2091
был разработан,2091
г был,2087
оценка эффективности,2086
п н,2086
левого предсердия,2086
является более,2085
статистически значимо,2085
уровень возрастает,2084
глюкозы в,2084
у в,2084
что из,2083
общества в,2083
многие авторы,2083
так называемый,2083
по созданию,2082
все пациенты,2081
могут иметь,2081
высокую эффективность,2080
в лимфоцитов,2080
кальция в,2080
и среди,2079
развития осложнений,2079
рис рис,2078
в экономической,2078
или их,2077
эффективность в,2077
это означает,2076
митрального клапана,2075
информации в,2073
гг и,2073
как один,2072
может достигать,2072
следует учитывать,2071
легочной ткани,2070
можно определить,2070
молодого возраста,2070
характерные для,2070
к появлению,2069
и менее,2067
решения задачи,2066
достоверное снижение,2066
декабря г,2066
мм и,2066
с контролем,2066
опухоли в,2064
у каждого,2063
антигипертензивной терапии,2063
с ней,2063
большого числа,2063
людей и,2062
федерации на,2061
была проведена,2061
пациентов которым,2061
и больных,2060
при воздействии,2060
после окончания,2058
что их,2057
смертности и,2057
д и,2056
и качество,2055
физической нагрузке,2055
человеческий капитал,2055
решение о,2054
клеток с,2054
который может,2053
возраста в,2053
риск возникновения,2053
либо в,2052
лечении больных,2052
опираясь на,2052
по вопросам,2052
течение последних,2051
исследованиях в,2051
доверительный интервал,2051
страны и,2051
и социальной,2050
на при,2049
в культуре,2048
информации и,2048
она не,2048
многих странах,2048
случаев и,2048
из таких,2046
у нас,2046
в обоих,2046
продемонстрировали что,2045
клиническая картина,2045
других факторов,2044
в какой,2044
механизм действия,2043
использовать в,2043
значительно ниже,2041
в производстве,2040
широко используется,2039
и эффективность,2038
систем и,2038
и формирование,2037
можно отметить,2037
значительной мере,2037
с больными,2036
анализ результатов,2036
и повышения,2036
данной статье,2035
в российских,2035
кожи и,2033
является причиной,2033
фактор риска,2033
государственной службы,2032
авторы считают,2031
качества и,2031
том случае,2030
когнитивных нарушений,2030
основе анализа,2030
использование в,2030
что как,2029
влиянием на,2029
с мс,2028
й день,2027
медикаментозной терапии,2027
было предложено,2027
с уч,2027
органов дыхания,2026
и систем,2026
в при,2026
терапии с,2025
среди населения,2025
постановки диагноза,2023
на р,2021
анализ данных,2021
снижение частоты,2020
свидетельствует об,2020
капитала в,2019
время ик,2018
около млн,2018
на модели,2018
интерес представляет,2017
также было,2017
при хсн,2017
несколько лет,2017
находится на,2016
профилактики и,2015
для предотвращения,2015
по состоянию,2014
по которым,2012
оценки риска,2011
общества кардиологов,2011
с нормальной,2010
потребления соли,2010
помощи в,2009
скф мл,2009
до а,2008
обратить внимание,2007
исследовании с,2007
жидкости в,2006
достоверность различий,2005
с появлением,2005
клинической картины,2004
как можно,2003
области и,2003
включают в,2002
золотым стандартом,2002
операции и,2000
на рынок,2000
элементов в,1999
шейки матки,1999
случаев при,1998
у пострадавших,1998
в крупных,1998
событий в,1997
миокарда левого,1996
и ил,1996
боли и,1996
высокой частотой,1996
лучевой терапии,1995
при создании,1995
и снижением,1995
для стран,1995
в для,1994
в данных,1994
только к,1993
повлиять на,1992
у половины,1992
больных на,1992
по эффективности,1991
обратной связи,1990
которых не,1990
вследствие чего,1988
была выше,1988
второй половине,1988
в ссср,1986
контроля и,1986
была разработана,1985
конца не,1985
у него,1984
фибрилляции предсердий,1982
о о,1982
сочетается с,1982
методов и,1982
днк и,1980
тех кто,1977
начала лечения,1976
эффект на,1976
какого либо,1976
и если,1975
течения заболевания,1973
и иных,1973
ош ди,1972
и многие,1971
именно поэтому,1971
по мг,1971
уч том,1970
первом этапе,1969
воды и,1969
с большей,1969
раннего возраста,1966
эффективность лечения,1966
в почках,1965
значительно более,1965
стран и,1965
в истории,1965
ресурсов в,1963
способствует развитию,1963
данного заболевания,1963
или же,1962
может использоваться,1962
целого ряда,1961
работах в,1961
клетки в,1961
следует из,1961
не так,1961
и возможно,1961
хс лнп,1960
в периферической,1960
ее в,1959
многие из,1959
этот вопрос,1958
и лишь,1958
с повышенной,1958
вслед за,1957
были разработаны,1956
до тыс,1956
этой категории,1954
биологически активных,1953
направлена на,1953
данного метода,1952
целом в,1952
и уровнем,1950
исследование было,1949
состояния и,1948
на различные,1948
с начала,1945
и сд,1944
к значительному,1944
которого является,1943
мероприятий по,1942
мм в,1942
этих больных,1940
российской экономики,1939
г были,1939
привела к,1939
можно получить,1938
так называемой,1938
основанной на,1937
и снижения,1937
частоты развития,1937
полученных в,1936
они были,1936
болезни и,1936
качестве примера,1935
ад у,1935
этих исследований,1934
этом у,1933
или не,1933
раза чаще,1932
данные что,1931
миокарда у,1931
обнаружили что,1930
в клетки,1929
антигипертензивных препаратов,1929
литературным данным,1928
мес в,1926
при рождении,1926
непосредственно в,1926
в европейских,1926
власти и,1926
увеличение числа,1926
авторы отмечают,1924
предполагает что,1924
или его,1924
приводя к,1923
от времени,1922
внутренних органов,1922
борьбе с,1922
более тыс,1921
и некоторые,1921
по аналогии,1920
цитокинов в,1920
в программе,1919
кислоты в,1919
больных при,1918
был использован,1917
используемых в,1917
к решению,1916
также к,1915
что повышение,1915
за пределами,1915
е с,1915
связей между,1914
кислорода и,1913
около тыс,1913
причиной смерти,1912
группы и,1909
оплаты труда,1909
белков и,1909
для моделирования,1908
возрастает неблагоприятный,1907
и снижению,1907
образ жизни,1907
возрастной группе,1907
легких в,1906
и прогрессирования,1906
необходимость в,1906
рабочих мест,1906
с артериальной,1906
для его,1906
сердечно сосудистыми,1906
с рекомендациями,1905
оказывает влияние,1905
злокачественных опухолей,1905
категории пациентов,1905
иными словами,1905
роли в,1901
кредитной политики,1901
н о,1901
о его,1900
в местах,1899
инновационного развития,1899
исследования показывают,1899
образовательных программ,1899
в разные,1899
внезапной смерти,1899
в годы,1898
принято считать,1897
ассоциированы с,1897
свободных радикалов,1897
больных скв,1897
с определением,1896
до от,1896
процентных ставок,1895
что только,1895
и анализ,1894
который является,1894
однако несмотря,1893
лечение в,1893
если не,1893
и мм,1893
с такими,1892
оценке эффективности,1892
пациентов из,1892
через и,1891
инфекции и,1891
операции в,1891
литературе имеются,1890
однако на,1890
федерации и,1890
липидного обмена,1889
при ее,1889
реальной клинической,1888
д яльност,1888
всей выборки,1887
к изучению,1887
пациентами с,1886
показания к,1886
расстояние между,1886
и методов,1886
используются для,1886
по год,1885
характерно для,1885
хозяйства и,1884
принимая во,1884
исследования было,1883
табл в,1882
детском возрасте,1882
для производства,1880
где и,1880
и детей,1880
функции в,1878
до случаев,1878
на сердце,1878
контрольная группа,1878
развивающихся странах,1876
достоверно выше,1876
хсн в,1876
д н,1874
большинство из,1873
летальных исходов,1871
правого желудочка,1871
при сочетании,1870
отечественных и,1870
тазобедренного сустава,1869
железы и,1869
а их,1869
приводящие к,1869
нарушения в,1869
этот эффект,1868
возрастных групп,1867
магнитного поля,1867
в генах,1866
тканей и,1866
тромбоэмболических осложнений,1866
для него,1866
что требует,1866
однако для,1865
что указывает,1865
мкг мл,1864
с рис,1864
и б,1863
и времени,1863
крови больных,1862
оперативного лечения,1861
такой же,1861
исследования не,1861
в развивающихся,1861
является фактором,1861
например для,1860
клинических и,1859
том чтобы,1859
данные были,1859
возможность использования,1859
в практику,1858
на которых,1858
соответствии со,1857
также как,1857
сельской местности,1856
тела в,1856
хирургическое лечение,1856
и лет,1856
рассматриваются как,1856
л с,1855
хорошо известно,1855
хх века,1854
по возрасту,1853
чувствительность и,1852
недостаточности и,1852
по своему,1852
в роли,1851
днк в,1851
полагать что,1850
генов в,1848
из факторов,1847
д а,1847
образом на,1847
к основным,1846
однако у,1845
высокой степенью,1845
онкологических заболеваний,1844
приведет к,1843
давления и,1843
также их,1843
одними из,1843
при более,1842
препаратов для,1842
данный метод,1842
лишь на,1842
представлен в,1841
во й,1841
цель работы,1841
экономической деятельности,1841
отношений в,1839
времени не,1838
что его,1838
нарушений ритма,1836
в образовании,1836
газа в,1836
под контролем,1836
баллов по,1835
был выявлен,1835
нашем случае,1835
значительная часть,1835
т клетки,1834
значимых различий,1834
роль играет,1833
сосудистой патологии,1833
при терапии,1831
при раке,1831
политики и,1830
важным фактором,1830
государственной политики,1829
на втором,1828
коэффициент джини,1827
ил в,1827
других стран,1827
не будет,1827
характерных для,1826
результатов лечения,1826
в реальном,1824
рынке труда,1823
как показали,1823
с оценкой,1823
к различным,1823
в отделении,1822
в число,1822
в комплексе,1822
не обнаружено,1822
услуг в,1822
сопутствующих заболеваний,1822
на работу,1821
патологический процесс,1821
нежелательных явлений,1820
однако это,1820
пациентов страдающих,1819
даже если,1819
в расчете,1818
факторов роста,1818
сут и,1818
россии по,1817
переход от,1817
ди р,1815
он может,1815
по развитию,1815
всех причин,1814
почек в,1814
артериальная гипертония,1813
на эти,1813
компьютерной томографии,1813
кальция и,1813
других исследованиях,1812
терапии на,1812
операции на,1811
некоторые исследователи,1811
проводили на,1811
было доказано,1810
образовательного процесса,1810
также могут,1810
лежит в,1809
в остром,1809
миокарда при,1808
мутаций в,1807
сад и,1807
дифференциальной диагностики,1806
результатов в,1805
общем случае,1803
играют важную,1803
со стабильной,1802
в отдаленном,1802
в большом,1802
средств в,1801
в такой,1801
утверждают что,1801
ранней диагностики,1800
в северной,1799
были представлены,1799
в трех,1799
возрастной группы,1798
программного обеспечения,1798
диапазоне от,1798
местного самоуправления,1798
чем больше,1797
на него,1796
по величине,1796
стороны и,1794
проводили по,1794
б а,1794
нашей работе,1794
нуждается в,1793
другими словами,1793
и разработки,1792
в ввп,1792
рецепторов в,1792
уровня ад,1791
возраста с,1791
не имеющих,1791
при повышении,1791
соавт показали,1791
быть обусловлено,1790
в создании,1790
что подтверждается,1790
многие исследователи,1789
