text_without_tags,freq
настоящее время,57362
том е,32999
российский федерация,31501
возраст год,29720
фактор риска,29630
год год,29519
последний год,28303
быть показать,27544
точка зрение,25518
риск развитие,23414
х год,23219
который быть,22889
исследование быть,22484
результат исследование,21950
высокий уровень,21434
мм рт,21010
рт ст,20986
который мочь,20551
том далее,20227
год быть,20123
масса тело,19525
инфаркт миокард,17961
риска развитие,17817
который являться,17615
головной мозг,17592
клинический исследование,17514
сахарный диабет,17182
качество жизнь,16650
свой очередь,16554
сердечный недостаточность,16353
быть выявить,16321
следовать отметить,16272
доза мг,16016
левый желудочек,15604
период год,14998
ммоль литр,14481
связь это,14302
повышение уровень,13157
наш исследование,12967
важный роль,12933
мг сут,12778
клинический практика,12556
быть получить,12496
сегодняшний день,12213
течение год,12067
артериальный гипертензия,11955
сыворотка кровь,11888
контрольный группа,11886
мужчина женщина,11543
исследование показать,11450
артериальный давление,11400
группа пациент,11354
дать работа,11327
исследование который,11324
мг килограмм,11299
иметь место,11232
получить результат,11230
быть провести,11205
большой количество,11190
побочный эффект,11180
нервный система,11154
наиболее часто,10663
снижение уровень,10655
клинический проявление,10649
лечение больной,10587
экономический рост,10552
медицинский помощь,10512
болезнь сердце,10510
настоящий время,10484
фактор рост,10466
друг друг,10339
большинство случай,10338
окружающий среда,10208
ряд исследование,10016
высокий риск,9991
сердечно-сосудистый заболевание,9897
старший год,9871
группа больной,9822
быть установить,9721
том число,9699
коронарный артерия,9658
р р,9581
база дать,9560
метод лечение,9542
решение задача,9440
последний время,9434
материал метод,9386
ишемический болезнь,9339
сантиметр например,9214
быть обнаружить,9108
низкий уровень,9095
исследование провести,8781
это случай,8738
оценка эффективность,8736
возрастной группа,8707
мутация ген,8678
быть отметить,8630
том плата,8623
послеоперационный период,8585
хирургический лечение,8583
работа быть,8578
го тип,8550
метод исследование,8549
сей пора,8522
е год,8429
частота развитие,8399
развитый страна,8310
мочь привести,8309
пациент который,8303
последний десятилетие,8291
слизистый оболочка,8271
иммунный ответ,8244
больной ра,8201
больной ага,8153
дыхательный путь,8141
весь пациент,8130
лечение пациент,8103
лекарственный препарат,8083
настоящий работа,7959
лекарственный средство,7918
являться наиболее,7895
физический нагрузка,7796
продолжительность жизнь,7764
получить дать,7683
являться важный,7658
плазма кровь,7644
высокий частота,7550
провести исследование,7482
снижение риска,7393
цель исследование,7368
ил ил,7354
экспрессия ген,7283
метр метр,7092
средний возраст,7088
статистически значимый,7071
пациент получать,7051
ряд автор,7043
иммунный система,7016
болевой синдром,6958
высокий риска,6859
наш страна,6834
жирный кислота,6794
настоящий исследование,6776
принятие решение,6756
летальный исход,6621
эффективность безопасность,6620
также быть,6558
быть использовать,6555
коленный сустав,6530
экспериментальный исследование,6520
быть разработать,6514
опухолевый клетка,6505
функция почка,6466
повышенный уровень,6465
мочь приводить,6459
сантиметр рис,6459
клинический картина,6440
наиболее распространить,6422
ранний стадия,6414
костный ткань,6411
почечный недостаточность,6406
согласно который,6404
мочь служить,6399
дать исследование,6360
молочный железа,6339
высокий образование,6319
нарушение функция,6307
сосудистый стенка,6305
больший степень,6300
главное образ,6290
мочь использовать,6280
хирургический вмешательство,6260
следующий образ,6254
воспалительный процесс,6249
патологический процесс,6234
образ жизнь,6217
результат лечение,6205
дать случай,6204
оперативный вмешательство,6199
соавт соавт,6173
мл мина,6169
средний значение,6158
рандомизировать исследование,6157
килограмм метр,6131
обменный курс,6116
темп рост,6110
исследование пациент,6110
человеческий капитал,6068
наиболее частый,6066
работа который,6050
ключевой слово,6017
й й,6010
механизм действие,6009
среди пациент,6007
высокий степень,5972
быть продемонстрировать,5943
также мочь,5938
быть предложить,5829
й группа,5824
широкий спектр,5785
мочь иметь,5783
общий число,5781
больной ибс,5768
быть включить,5766
который иметь,5760
исследование показать,5759
некоторый автор,5758
необходимый отметить,5738
провоспалительный цитокин,5729
сердечно-сосудистый система,5719
весь случай,5694
мочь связать,5672
оксид азот,5672
год литр,5651
повышение эффективность,5644
являться основный,5608
уровень ада,5550
степень тяжесть,5542
артериальный гипертония,5535
весь мир,5491
быть выше,5464
эндотелиальный клетка,5456
высокий эффективность,5455
приводить снижение,5455
начало х,5451
нг мл,5445
больной сд,5442
это связать,5436
группа группа,5423
страна мир,5410
течение заболевание,5409
данные литература,5399
пациент быть,5396
это быть,5391
математический модель,5383
ряд работа,5382
который позволять,5363
полиморфизм ген,5341
решение проблема,5325
федеральный закон,5303
сд тип,5287
крайний мера,5274
комбинированный терапия,5261
практически весь,5243
научный исследование,5241
сердечно-сосудистый осложнение,5240
га га,5216
развивающийся страна,5214
среди который,5176
эпидемиологический исследование,5156
исследование посвятить,5154
быть выполнить,5146
согласно данные,5140
неблагоприятный прогноз,5111
общий популяция,5108
ряд случай,5094
пациент группа,5091
метаболический синдром,5086
весь больной,5074
играть важный,5060
частота встречаемость,5058
метод оценка,5053
исследование соавт,5049
наш наш,5037
анализ дать,5035
сельский хозяйство,5031
снижение частота,5016
давать возможность,5015
больной хсн,5014
сравнение группа,5005
наш взгляд,5003
положительный влияние,5001
число пациент,5001
функциональный состояние,4995
рынок труд,4960
причина смерть,4952
сонный артерия,4946
мочевой пузырь,4923
работа посвятить,4915
эффективность лечение,4901
стволовой клетка,4900
хронический сердечный,4870
система управление,4862
костный мозг,4856
значительный степень,4844
механизм развитие,4838
быть опубликовать,4837
периферический кровь,4821
год метр,4817
мг литр,4809
речь идти,4794
быть описать,4785
интенсивный терапия,4775
число больной,4772
особый внимание,4763
злокачественный новообразование,4759
индекс масса,4748
миллион человек,4736
длина волна,4725
заработный плата,4720
большой число,4711
свой работа,4701
соединительный ткань,4676
различный вид,4673
фракция выброс,4664
нижний конечность,4651
большой часть,4642
результат обсуждение,4641
пациент перенести,4615
высокий доза,4611
течение день,4603
ишемический инсульт,4593
быть связать,4566
устойчивый развитие,4554
составлять около,4549
жиров ткань,4548
том том,4540
фактор некроз,4532
важный фактор,4529
результат быть,4526
иметь вид,4515
двойной слепой,4502
нарушение ритм,4498
мочь стать,4497
степень выраженность,4495
это мочь,4491
профессиональный образование,4488
экономический развитие,4485
когнитивный функция,4477
повышенный риск,4471
течение мес,4470
результат который,4460
профессиональный деятельность,4447
желудочно-кишечный тракт,4440
государственный управление,4426
большой значение,4412
иметься дать,4405
течение число,4401
жизнь пациент,4398
многочисленный исследование,4396
сигнальный путь,4386
год назад,4373
фибрилляция предсердие,4359
увеличение число,4353
лимфатический узел,4346
январь год,4342
быть создать,4341
процентный ставка,4341
россия год,4338
воспалительный реакция,4329
сравнительный анализ,4325
плата плата,4323
основа который,4310
сделать вывод,4308
пг мл,4304
весь это,4295
негативный влияние,4291
ингибитор фно,4289
значение иметь,4286
больной хобласть,4266
функциональный активность,4265
среди больной,4265
оказывать влияние,4263
здоровый лицо,4262
метр наш,4261
целое ряд,4259
ранее быть,4251
некроз опухоль,4246
положительный эффект,4241
тысяча население,4240
быть подтвердить,4238
грудной клетка,4233
который должный,4230
экспериментальный дать,4230
быть принять,4221
год составить,4218
декабрь год,4215
год жизнь,4200
который свой,4187
группа контроль,4184
подавлять большинство,4177
пожилое возраст,4174
чувствительность специфичность,4157
толстой кишка,4149
миллиард доллар,4137
рабочий место,4133
финансовый рынок,4132
широкий распространение,4113
хронический заболевание,4111
наш далее,4108
метод диагностика,4108
мочь способствовать,4101
широко использоваться,4099
окислительный стресс,4081
ревматоидный артрит,4068
увеличение риска,4061
сердце ибс,4058
иметь высокий,4054
наиболее эффективный,4053
ишемия миокард,4045
пациент ага,4021
это заболевание,4019
наиболее важный,4017
физический активность,4003
результат что,3998
период наблюдение,3995
цель настоящий,3993
конец х,3992
группа сравнение,3987
оба группа,3979
ключевой роль,3978
общий количество,3975
активный форма,3973
мочь обусловить,3972
добавить стоимость,3971
рис б,3962
длительный время,3962
больной туберкулёз,3959
обращать внимание,3956
фактор влиять,3950
оценка качество,3948
головной боль,3947
дать статья,3945
стадия заболевание,3945
е е,3933
уровень экспрессия,3929
острый коронарный,3928
дать группа,3897
возможность использование,3893
поджелудочный железа,3891
результат работа,3885
воспалительный заболевание,3873
данные исследование,3871
причина развитие,3866
исследование являться,3861
снижение ада,3860
товар услуга,3856
внешний среда,3856
образовательный программа,3853
оценка влияние,3851
мина метр,3847
широкий применение,3846
должный быть,3842
больной получать,3841
удельный вес,3840
лёгочный артерия,3838
высокий концентрация,3837
основной причина,3832
ребёнок возраст,3832
интерес представлять,3828
обратный связь,3823
данный метод,3821
тысяча человек,3817
разный страна,3817
работа автор,3816
конечный точка,3806
положительный результат,3803
мнение автор,3803
злокачественный опухоль,3796
основный фактор,3791
республика беларусь,3784
онкологический заболевание,3780
пациент сд,3775
ребёнок год,3773
атеросклеротический бляшка,3773
бронхиальный астма,3770
наиболее значимый,3767
исследование больной,3759
быть представить,3757
анализ результат,3749
увеличение количество,3745
мягкий ткань,3743
большинство пациент,3739
среди весь,3730
статистический обработка,3718
когнитивный нарушение,3707
ингибитор апф,3705
сопутствующий заболевание,3694
миллиард рубль,3684
общий смертность,3684
гладкомышечный клетка,3683
роль играть,3681
основный причина,3679
учебный заведение,3679
быть доказать,3675
некоторый случай,3675
значительный часть,3665
состояние здоровье,3662
фон терапия,3656
являться причина,3641
заболеваемость смертность,3634
настоящий момент,3622
год наш,3620
исследование также,3620
мг дл,3620
дать получить,3616
момент время,3615
приводить увеличение,3614
мочь использоваться,3606
проспективный исследование,3602
жизнь больной,3602
значимый различие,3600
больший количество,3600
составить год,3595
сантиметр сантиметр,3595
быть зарегистрировать,3582
необходимый учитывать,3574
предстательный железа,3569
результат провести,3569
различный тип,3569
лучевой терапия,3567
применение препарат,3560
важный отметить,3556
работа показать,3554
компьютерный томография,3554
клинический рекомендация,3554
два половина,3553
меньший степень,3552
целевой уровень,3546
русский язык,3530
пациент ра,3529
увеличивать риск,3522
роль развитие,3518
год который,3514
брюшной полость,3496
быть сделать,3492
избыточный масса,3489
рак молочный,3487
развитие осложнение,3479
дать литература,3479
ген кодировать,3477
наименьший квадрат,3476
контролировать исследование,3466
вне зависимость,3465
данный исследование,3464
эффективность терапия,3462
внимание уделяться,3457
это исследование,3453
больной который,3448
производительность труд,3443
сравнение пациент,3443
уровень образование,3440
здоровый человек,3440
рис рис,3429
конечный итог,3425
использование метод,3422
сердечно-сосудистый событие,3421
молодой возраст,3421
неблагоприятный исход,3417
метод наименьший,3416
это показатель,3408
низка плотность,3408
медикаментозный терапия,3405
исследование свидетельствовать,3401
период время,3400
результат анализ,3400
повышать риск,3399
также являться,3391
плата дпереть,3386
кровь больной,3384
этап развитие,3378
количественный оценка,3370
развитие сердечно-сосудистый,3367
июнь год,3364
коронарный синдром,3361
группа быть,3361
снижение активность,3359
дальнейший исследование,3343
год сут,3340
ор ди,3334
женщина мужчина,3332
очень высокий,3332
том наш,3328
повышение концентрация,3313
миллион год,3313
результат получить,3312
исходный уровень,3300
сердечный сокращение,3298
душить население,3297
дать патология,3296
клинический испытание,3295
метр год,3295
быть выделить,3290
дать категория,3282
значительный снижение,3281
пожилое пациент,3275
высокий показатель,3271
март год,3271
ребёнок подросток,3262
сентябрь год,3261
фактор который,3259
мочь являться,3255
дать проблема,3254
фактор развитие,3250
вероятность развитие,3250
вид деятельность,3249
болезнь почка,3247
доверительный интервал,3246
отечественный зарубежный,3240
ада мм,3240
наш э,3234
являться фактор,3227
пациент высокий,3225
октябрь год,3221
который также,3217
данный момент,3214
полный мера,3209
сравнение плацебо,3208
оксидативный стресс,3207
составлять год,3207
быть определить,3203
основной группа,3199
группа риска,3198
клинический эффективность,3197
сравнение контрольный,3194
являться независимый,3194
мочь рассматриваться,3192
углеводный обмен,3187
год старший,3186
май год,3185
стоить отметить,3183
рак лёгкое,3180
наш работа,3180
возраст пациент,3179
оценка риска,3179
инфекционный осложнение,3177
существенный влияние,3174
первое год,3173
различный форма,3172
достаточно высокий,3161
давление ада,3160
щитовидный железа,3157
это метод,3155
приводить развитие,3154
достоверный снижение,3151
изучение влияние,3149
европейский общество,3147
мг сутки,3145
который приводить,3144
клеточный мембрана,3137
оценка состояние,3132
организация здравоохранение,3128
мочь оказывать,3125
детский возраст,3125
эндотелиальна дисфункция,3124
фон приём,3123
сантиметр табла,3122
бедренный костя,3121
антигипертензивный терапия,3117
дать быть,3117
клубочковый фильтрация,3116
моноклональный антитело,3116
е сутки,3112
информационный технология,3109
значение показатель,3108
терапия пациент,3103
тяжёлый течение,3102
данный показатель,3099
ритм сердце,3098
частота сердечный,3098
форма кислород,3096
ведущий роль,3095
система который,3092
исследование показывать,3092
важный значение,3089
увеличение концентрация,3088
нежелательный явление,3088
доза препарат,3087
повышение качество,3085
ряд исследователь,3084
программный обеспечение,3080
впервые быть,3079
иметь свой,3078
структурный изменение,3077
год составлять,3076
й перцентиль,3075
являться самый,3073
перекисный окисление,3072
ведение пациент,3069
биологически активный,3068
который происходить,3066
высокий содержание,3065
это процесс,3061
всемирный организация,3059
антигипертензивный препарат,3058
высокий значение,3056
наш метр,3056
субъект российский,3054
железный дорога,3054
прогрессирование заболевание,3053
центральный нервный,3051
апрель год,3043
ранний возраст,3043
целый ряд,3042
острый инфаркт,3041
орган государственный,3040
увеличение частота,3040
ещё год,3034
снижать риск,3033
разный автор,3030
численность население,3028
быть достигнуть,3023
год прошлое,3021
пациент год,3021
июль год,3017
социально-экономический развитие,3014
функциональный класс,3011
активность заболевание,3010
тазобедренный сустав,3010
принимать участие,3009
диагностический критерий,3007
увеличение уровень,3005
эмпирический исследование,3005
это позволять,3000
фактор производство,2988
способствовать развитие,2987
хронический болезнь,2983
выживаемость больной,2982
чаща встречаться,2978
друг исследование,2977
больной хронический,2976
оперативный лечение,2974
оплата труд,2973
потребление соль,2972
сд го,2970
значительно выше,2968
образовательный процесс,2967
государственный власть,2966
приём препарат,2965
автор считать,2963
уровень развитие,2962
снижение концентрация,2961
ноябрь год,2958
дать свидетельствовать,2956
автор отмечать,2955
агрегация тромбоцит,2953
независимый фактор,2952
мозговой кровообращение,2950
шкала оценка,2949
улучшение качество,2947
общий выживаемость,2945
фв лж,2945
исследование год,2943
мг день,2940
внутривенный введение,2939
тесно связать,2935
дальнейший развитие,2933
тысяча рубль,2933
это быть,2932
исследование эффективность,2931
риск смерть,2928
послеоперационный осложнение,2928
диастолический дисфункция,2921
патологический состояние,2920
клинический признак,2919
достоверный различие,2916
российский экономика,2916
кроме это,2913
терапия больной,2912
вирусный инфекция,2911
природный ресурс,2909
наличие отсутствие,2906
иметь большой,2904
частота возникновение,2903
возможность применение,2901
представить табла,2901
повышение риска,2899
согласоваться дать,2898
окисление липид,2894
который включать,2893
который определяться,2893
европейский страна,2892
государственный программа,2890
клиничёска значимый,2883
постановка диагноз,2878
левый предсердие,2871
течение месяц,2871
антагонист кальций,2870
больной быть,2866
сша год,2865
мкмоль литр,2862
сердечно сосудистый,2861
разработка новый,2861
который относиться,2858
население год,2855
химический состав,2851
многий страна,2849
прогностический значение,2849
наш дать,2846
условие торговля,2846
согласно рекомендация,2846
исследование фаза,2842
решение уравнение,2842
включить пациент,2832
быть ниже,2827
частый причина,2822
фон лечение,2816
развитие острый,2815
данные соавт,2814
исследование разработка,2812
работа являться,2811
год число,2806
летний выживаемость,2802
середина х,2802
научный литература,2801
вторичный профилактика,2800
нарушение мозговой,2793
мг метр,2791
туберкулёз лёгкое,2788
быть значительно,2787
сантиметр также,2786
свободный радикал,2785
быть выбрать,2784
который использоваться,2784
транскрипционный фактор,2783
страна европа,2778
группа год,2777
уровень доказательность,2776
лечение ага,2775
август год,2772
спинной мозг,2769
рабочий сила,2769
метаболический нарушение,2769
год сантиметр,2768
процесс формирование,2767
диагностик лечение,2767
конец год,2765
дендритный клетка,2763
орган власть,2762
год также,2761
взрослый пациент,2761
быть изучить,2760
больной перенести,2760
высокий плотность,2751
исследование изучение,2751
хороший результат,2749
течение последний,2747
состояние пациент,2747
валютный курс,2746
полость рот,2742
е сантиметр,2741
пожилое человек,2740
недавний исследование,2739
метод определение,2731
клинический симптом,2731
весь большой,2727
цель работа,2726
независимый предиктор,2726
пациент хронический,2723
литературный дать,2720
это вопрос,2714
год показать,2711
клинический наблюдение,2708
субъект рф,2706
инновационный деятельность,2706
год средний,2704
дпереть мство,2701
различный вариант,2700
год весь,2698
риск возникновение,2697
развитие атеросклероз,2691
сердечный ритм,2689
достижение целевой,2689
эффект перенос,2689
категория больной,2688
противовоспалительный препарат,2687
относительный риск,2685
сантиметр е,2682
быть достоверно,2676
прямая кишка,2674
система уравнение,2672
сад дада,2670
прошлое век,2668
исследование оценка,2664
литр наш,2664
инфекционный заболевание,2664
стратегия развитие,2664
частота выявление,2664
взрослый население,2662
временной ряд,2662
достижение цель,2661
общий объём,2660
диастолический функция,2660
крупный исследование,2659
хс лпнп,2655
течение мина,2645
й день,2644
результат расчёт,2644
низкий доза,2643
который необходимый,2641
потребление алкоголь,2639
исследование влияние,2638
состояние больной,2635
течение нед,2631
поражение почка,2629
увеличение объём,2627
человек который,2626
дифференциальный диагностика,2624
пороговый значение,2624
е место,2623
страна доход,2622
различный метод,2621
сектор экономика,2620
снижение смертность,2617
статистически значимый,2617
пациент ибс,2617
значительный количество,2617
трудоспособный возраст,2614
прислать вывод,2612
лежать основа,2612
молекулярный масса,2611
дада мм,2611
уровень хс,2610
функция лж,2609
например работа,2608
эффективность применение,2608
лекарственный устойчивость,2607
особый интерес,2606
мочь вызывать,2605
система здравоохранение,2605
населить пункт,2604
больной острый,2604
весь чаща,2601
группа плацебо,2600
год пациент,2598
создание новый,2598
год россия,2597
среди женщина,2595
диабет тип,2594
ультразвуковой исследование,2593
который лежать,2593
технологический процесс,2593
мл килограмм,2591
течение несколько,2588
многоцентровой исследование,2587
некоторый исследователь,2583
достоверность различие,2579
ценный бумага,2578
системный воспалительный,2578
следующий вид,2577
весь больший,2575
рост число,2575
среди мужчина,2571
время существовать,2571
время беременность,2567
уровень глюкоза,2566
сердечный выброс,2566
большой внимание,2565
балл шкала,2564
уровень цена,2563
это приводить,2557
однако дать,2554
патогенетический механизм,2554
высокий распространённость,2553
статистический дать,2553
воспалительный ответ,2550
исследование область,2547
ранний диагностика,2545
диагностика лечение,2543
весь вид,2543
вирус грипп,2540
скорость клубочковый,2540
среди лицо,2540
который находиться,2537
обработка дать,2534
настоящий статья,2534
государственный политика,2534
статистический анализ,2533
значение коэффициент,2532
высокий чувствительность,2531
пациент хсн,2530
эффективность использование,2529
некоторый исследование,2526
дифференциальный уравнение,2524
современный этап,2523
хх век,2522
начало лечение,2522
который проводиться,2520
имт килограмм,2519
составить автор,2518
пациент острый,2516
липидный обмен,2511
лёгочный гипертензия,2510
быть также,2509
исследование последний,2509
острый период,2502
выживаемость пациент,2501
высокий активность,2501
реальный время,2501
случай заболевание,2501
процесс который,2497
организм человек,2492
который представлять,2492
применение метод,2492
атеросклеротический поражение,2492
являться ключевой,2491
повышение активность,2489
литература иметься,2488
стратегический планирование,2488
категория пациент,2488
общество кардиолог,2487
новый случай,2485
золотой стандарт,2484
болезнь лёгкое,2484
й неделя,2484
год наблюдение,2483
это направление,2481
начальный этап,2480
работа соавт,2475
сравнительный исследование,2474
магнитно-резонансный томография,2474
автор работа,2473
поиск новый,2473
представить вид,2472
й линия,2470
развитие прогрессирование,2468
миллион рубль,2467
центральный банка,2466
фактор определять,2465
цель который,2465
митральный клапан,2461
мочь достигать,2461
доллар сша,2458
мес мес,2458
аутоиммунный заболевание,2456
цена нефть,2456
пациент страдать,2454
ставка процент,2451
представить рис,2449
наш мнение,2448
скф мл,2447
продукт питание,2447
который составлять,2442
исполнительный власть,2441
значение параметр,2439
государственный университет,2438
метод анализ,2437
развитие заболевание,2436
экономический агент,2436
заболевание ссз,2432
самый высокий,2431
впервые выявить,2424
граничный условие,2421
февраль год,2420
инновационный развитие,2418
внезапный смерть,2418
представлять интерес,2418
гипертензия ага,2417
посвятить изучение,2415
систолический ада,2414
данные разный,2414
активный вещество,2413
определение уровень,2413
синусовый ритм,2411
помимо это,2408
обладать высокий,2406
заболевание который,2405
различный степень,2403
стандартный отклонение,2400
мочь оказаться,2399
современный представление,2396
вентиляция лёгкое,2394
исследование автор,2394
который обеспечивать,2393
магнитный поль,2393
быть ввести,2392
большинство больной,2390
эффективный метод,2389
орган ткань,2388
жизненный цикл,2387
га ткф,2386
это означать,2385
помощь который,2384
средний уровень,2380
показатель качество,2380
система образование,2380
около тысяча,2377
значительный увеличение,2376
тетр га,2376
около миллион,2376
га тетр,2376
пациент фп,2374
критерий оценка,2372
наблюдение пациент,2372
первое этап,2371
функция эндотелий,2369
государственный муниципальный,2367
данный подход,2366
государственный служба,2365
старший возраст,2365
отдалённый результат,2365
реваскуляризация миокард,2363
год это,2359
исходный дать,2359
эндотелий сосуд,2358
патологический изменение,2357
каждый который,2357
эпителиальный клетка,2357
вызывать сомнение,2355
данный заболевание,2354
согласно результат,2352
большинство исследование,2348
исследование включать,2348
подъём сегмент,2347
который определять,2345
менее год,2340
качество пример,2340
критический состояние,2339
рандомизировать контролировать,2335
результат оценка,2333
опыт применение,2332
поражение коронарный,2332
исследование проводиться,2330
тяжёлый форма,2328
миокард лж,2327
хронический обструктивный,2326
популяционный исследование,2324
помощь метод,2320
прогностический фактор,2320
проведение исследование,2318
актуальный проблема,2318
сопутствующий патология,2318
возраст старший,2317
тромбоэмболический осложнение,2316
женщина возраст,2316
автор быть,2314
отдел позвоночник,2313
изменение структура,2312
уровень доход,2310
весь страна,2310
повреждение почка,2308
учебный процесс,2304
общий холестерин,2303
боль спина,2303
первичный опухоль,2301
европейский союз,2301
наиболее высокий,2298
наш данные,2297
оказание медицинский,2294
исследование дать,2294
промышленный предприятие,2294
поперечный сечение,2293
плата наш,2293
провести исследование,2292
исследование применение,2292
уровень общий,2292
исследование установить,2289
большинство автор,2289
различие группа,2289
больший число,2288
новый технология,2283
лёгочный ткань,2278
изменение уровень,2278
стадия развитие,2276
образовательный учреждение,2276
исследование выполнить,2276
случай быть,2274
данные ряд,2271
различный фактор,2271
профилактика лечение,2270
конечный счёт,2269
объект исследование,2269
действие препарат,2269
являться следствие,2268
показатель смертность,2267
правый желудочек,2264
обострение хобласть,2264
иметь значение,2264
х х,2262
миокард имя,2262
основа анализ,2261
это время,2261
небольшой количество,2258
внутренний внешний,2258
свой исследование,2256
мочь влиять,2256
особый значение,2256
клинический случай,2254
качество основный,2253
хронический воспаление,2252
внутренний орган,2251
острый хронический,2250
основа дать,2249
проксимальный отдел,2247
порок сердце,2246
пищевой продукт,2243
повышение квалификация,2243
женщина год,2238
высокий школа,2237
позволять получить,2237
различный уровень,2237
постановка задача,2232
данный вид,2232
время быть,2227
сердечно-сосудистый риска,2226
федерация год,2226
рандомизировать клинический,2225
быть предложный,2224
развитие ссз,2222
оценка результат,2220
дальнейший изучение,2215
ретроспективный анализ,2212
критерий включение,2210
часто встречаться,2210
ранний послеоперационный,2209
роль патогенез,2209
оценка уровень,2207
дать методика,2206
результат применение,2206
население россия,2205
нестероидный противовоспалительный,2203
это обусловить,2202
поздний стадия,2199
система являться,2196
год исследование,2195
стандартный терапия,2195
позволять предположить,2194
юридический лицо,2193
самый дело,2193
среди население,2192
форма заболевание,2192
гипертонический болезнь,2191
широко применяться,2189
рецептор ангиотензин,2187
общий случай,2185
гипертрофия миокард,2183
мочь также,2183
являться актуальный,2182
регион россия,2180
приводить уменьшение,2178
необходимый условие,2177
рекомендация лечение,2176
стабильный стенокардия,2176
государственный сектор,2174
сердечно-сосудистый смертность,2172
дисфункция эндотелий,2171
человек год,2169
представить таблица,2168
рамка который,2167
масса миокард,2166
прогноз больной,2162
появление новый,2160
позволять оценить,2158
обструктивный болезнь,2156
целевой значение,2155
препарат группа,2154
который зависеть,2154
первое место,2151
это следовать,2149
показатель группа,2149
шейк матка,2147
длительный период,2147
который характеризоваться,2145
начинать год,2145
каждый год,2145
с-реактивный белок,2144
орган дыхание,2144
муниципальный образование,2142
р р,2140
информационный система,2139
опухолевый процесс,2138
правительство рф,2137
земной кора,2137
уровень срб,2137
исследование использование,2136
группа высокий,2136
больной фп,2135
исследование продемонстрировать,2134
больной скв,2134
который связать,2131
килограмм сут,2131
среднее возраст,2129
реальный клинический,2127
место среди,2125
основный направление,2124
клинический течение,2122
год тысяча,2121
препарат лечение,2118
приводить повышение,2118
дать пациент,2115
позволять сделать,2114
процесс обучение,2113
оценка степень,2111
многие автор,2108
год доля,2107
коэффициент джиня,2106
показатель эффективность,2103
время являться,2103
антибактериальный терапия,2102
клинический эффект,2102
частное сектор,2102
старческий возраст,2101
год соавт,2099
иметь ряд,2098
ткф га,2098
уровень возрастать,2097
ретроспективный исследование,2097
повышенный содержание,2096
миокард левый,2096
тонкий кишка,2095
следовать учитывать,2090
мочь свидетельствовать,2089
северный америка,2089
первичный вторичный,2087
президент рф,2086
являться результат,2085
обследование пациент,2083
развитие инсульт,2081
цирроз печень,2081
рф год,2080
несколько год,2078
результат наш,2076
максимальный значение,2075
обратить внимание,2074
повышение ада,2074
денежный средство,2073
основный заболевание,2073
литературный источник,2073
суточный доза,2071
острый респираторный,2070
значительно ниже,2069
международный торговля,2069
мочь выступать,2068
тактика лечение,2068
весь причина,2068
внешний внутренний,2067
особенно важный,2067
кровь пациент,2063
зарубежный автор,2062
денежно-кредитный политика,2061
метод являться,2061
современный метод,2061
корреляционный связь,2061
сердечно-сосудистый патология,2060
работа год,2060
провоспалительный цитокина,2059
народный хозяйство,2058
действие который,2058
течение время,2058
соавт показать,2055
соавт год,2054
риска сердечно-сосудистый,2050
описать случай,2049
значительный мера,2049
орган исполнительный,2048
показатель заболеваемость,2048
течение неделя,2047
модель который,2041
работа также,2040
рабочий группа,2038
который входить,2035
время операция,2034
мировой рынок,2033
время ик,2033
методика оценка,2032
это необходимый,2031
нормальный значение,2031
систолический функция,2031
ош ди,2029
способствовать снижение,2029
мужчина год,2028
систематический обзор,2028
исследование результат,2028
год мужчина,2027
экономический политика,2027
быть рассмотреть,2027
риск сердечно-сосудистый,2027
это препарат,2025
увеличение содержание,2025
весь выборка,2024
развитие ребёнок,2024
системный воспаление,2024
пациент тяжёлый,2023
симпатический нервный,2021
дальний восток,2021
основный метод,2021
экспериментальный модель,2021
наш случай,2020
тяжесть состояние,2018
промышленный производство,2017
экспериментальный работа,2017
член семья,2016
клеточный цикл,2013
местный самоуправление,2013
острый повреждение,2013
процесс развитие,2012
ревматический заболевание,2011
прогноз заболевание,2010
ребёнок ранний,2010
нарушение сон,2009
ответ вопрос,2008
мировой война,2006
др др,2006
когортный исследование,2005
результат это,2004
литературный данные,2002
сельский местность,2000
долгий время,1999
ди р,1997
развитие экономика,1997
самый распространить,1996
год женщина,1994
использование качество,1993
использование различный,1993
высокий температура,1992
снижение количество,1991
вследствие что,1991
конфликт интерес,1990
широко распространить,1990
западный европа,1988
быть найти,1986
система кровообращение,1986
решение вопрос,1983
финансовый система,1983
однако это,1982
сантиметр таблица,1982
встречаться случай,1981
ведение больной,1980
подход оценка,1979
гистологический исследование,1979
случай развитие,1979
мочь применяться,1978
страна который,1978
именно поэтому,1977
выявить ассоциация,1976
монетарный политика,1975
экономический деятельность,1975
составить соответственно,1974
начальный стадия,1973
ранний срок,1972
молекула адгезия,1972
первичный профилактика,1970
являться наличие,1970
уровень холестерин,1969
большинство исследователь,1969
риска возникновение,1968
причина возникновение,1967
число случай,1966
случай мочь,1966
развитие ибс,1965
перспективный направление,1962
автор указывать,1959
иностранный язык,1958
больной группа,1958
кальциевый канал,1957
е метр,1957
получить название,1956
поверхностный слой,1955
нормальный уровень,1954
повреждение миокард,1951
возраст больной,1951
диабет сд,1951
заболевание являться,1950
эффективность препарат,1949
мочь существенно,1949
многий автор,1947
год данные,1947
аналогичный результат,1946
иной слово,1944
ход исследование,1944
хронический боль,1943
таблица таблица,1942
год том,1942
значимый снижение,1942
увеличение продолжительность,1940
научный работа,1940
ранний этап,1938
молодая человек,1933
перенести имя,1932
быть зафиксировать,1932
влияние различный,1930
промышленный политика,1929
входящая состав,1929
развитие имя,1928
доход население,1928
гипертония ага,1927
хс лпвп,1927
существенный роль,1926
пациент хобласть,1925
уменьшение количество,1925
отдалённый период,1924
современный условие,1924
подход лечение,1923
который показать,1921
однако несмотря,1921
принимать внимание,1919
срок наблюдение,1918
мочь возникать,1918
пациент ожирение,1917
достоверно выше,1917
мг мг,1917
сравнение год,1916
федеральный бюджет,1915
нед нед,1915
пациент принимать,1915
механизм формирование,1915
весь ещё,1914
мировой экономика,1914
низкий значение,1914
принять считать,1913
зависимость уровень,1913
включить исследование,1913
мкг мл,1911
позволять выявить,1911
систолический диастолический,1910
возрастать неблагоприятный,1909
национальный безопасность,1909
хозяйствовать субъект,1908
коронарный атеросклероз,1906
пациент иметь,1906
приходить вывод,1900
пациент возраст,1900
больной рак,1900
колоректальный рак,1900
аналогичный показатель,1900
центральный банк,1899
дыхательный недостаточность,1898
государственный расход,1898
схема лечение,1898
закон фз,1898
часто встречаться,1897
отрицательный влияние,1895
быть впервые,1891
далее яльност,1888
орган система,1885
рак желудок,1885
препарат который,1885
существовать несколько,1885
недостаточность хсн,1884
наш е,1882
далее наш,1882
результат клинический,1882
работа рассматриваться,1881
среднее год,1880
пациент хбп,1880
цель дать,1878
коллаген тип,1878
хс лнп,1878
год стать,1878
многие исследователь,1875
мочь наблюдаться,1875
страна год,1874
стенка сосуд,1874
проводить терапия,1873
толщина стенка,1872
значение который,1871
исследование исследование,1871
год однако,1868
далее метр,1866
год появиться,1866
искусственный кровообращение,1863
комплексный терапия,1863
система координата,1862
темп экономический,1860
который обладать,1860
соответствие рекомендация,1859
уд мина,1859
клинический значение,1859
дать модель,1858
мужчина возраст,1857
разный тип,1857
сравнение больной,1857
начало терапия,1856
год плата,1855
группа население,1854
развитие который,1850
защита право,1849
распространённость ага,1849
сравнение исходный,1848
мочь происходить,1848
внеклеточный матрикс,1847
требовать дальнейший,1846
разный уровень,1846
теоретический модель,1846
ответ терапия,1845
снижение потребление,1845
нарушение углеводный,1845
ряд фактор,1844
пациент иметь,1843
быть обусловить,1843
важный задача,1842
широкий диапазон,1842
развитие тяжёлый,1841
согласоваться результат,1841
играть роль,1841
ведущий причина,1840
исследование выявить,1839
активность фермент,1838
средний продолжительность,1837
исследовать группа,1836
иметь вид,1835
скорость кровоток,1835
ключевой фактор,1835
развитие хронический,1834
широкий круг,1834
кровеносный сосуд,1833
весь группа,1833
государственный служащий,1833
правительство российский,1832
знание умение,1831
анализ быть,1831
программа развитие,1829
диабет го,1828
год страна,1828
прогностический значимость,1828
введение препарат,1826
включение исследование,1826
постановление правительство,1826
миллиард год,1824
использование препарат,1824
желудочек лж,1823
разный степень,1823
который позволить,1823
высокий стоимость,1823
приводить нарушение,1823
вт метр,1818
сад мм,1817
исследование явиться,1817
смертность население,1816
гипертрофия левый,1816
количество пациент,1816
мочь играть,1816
транспортный средство,1814
снижение содержание,1814
федеральный округа,1813
характеризоваться высокий,1813
быть посвятить,1811
место занимать,1809
здоровье население,1808
мнение ряд,1807
год сша,1806
заболевание лёгкое,1806
сосудистый сопротивление,1805
инфекционный процесс,1805
год результат,1805
врождённый порок,1804
трансплантация почка,1804
различный аспект,1802
давать основание,1802
согласно современный,1801
соавт быть,1801
государственный регулирование,1800
данные год,1799
описать выше,1798
диаметр мм,1798
ребёнок взрослый,1797
необходимость проведение,1796
проблема связанный,1795
цель задача,1794
трансплантация печень,1792
длительный применение,1791
оценка тяжесть,1790
мочевой кислота,1790
разный вид,1784
сердечный смерть,1784
условие который,1784
данные различный,1783
антикоагулянтный терапия,1782
различный автор,1782
год среди,1781
последующий год,1780
привести выше,1779
являться использование,1779
представить результат,1779
миллион том,1779
питательный среда,1779
б литр,1778
мм мм,1778
уровень смертность,1776
стенка лж,1775
число который,1774
сердечный мышца,1774
антибактериальный препарат,1773
существенный различие,1773
который получать,1772
психический расстройство,1772
здоровый доброволец,1770
хозяйственный деятельность,1770
экономический эффективность,1769
низкий риск,1769
ный ди,1768
верхний граница,1768
время весь,1768
жизнь человек,1767
выше сравнение,1766
основание дать,1766
бухгалтерский учёт,1765
лекарственный терапия,1764
год далее,1763
год это,1762
развитие ага,1762
лежать основа,1761
это позволить,1760
начало заболевание,1759
тенденция снижение,1759
пропускной способность,1758
заболевание сердце,1757
острый нарушение,1756
свой род,1756
генетический фактор,1755
наблюдение год,1755
инфляционный ожидание,1755
клеточный линия,1753
являться эффективный,1753
экономический социальный,1753
который способствовать,1752
значительный число,1752
основный источник,1752
рост цена,1750
источник составить,1750
доля пациент,1750
повышение температура,1749
ранний ра,1749
плохой прогноз,1748
плацебо-контролировать исследование,1748
функциональный нарушение,1746
миллион доллар,1746
клетка который,1745
президент российский,1744
общий вид,1744
эффективность деятельность,1743
исследование участие,1742
табла таблица,1742
управленческий решение,1742
нейронный сеть,1741
который следовать,1741
атопический дерматит,1740
блокатор рецептор,1740
верхний дыхательный,1737
ряд страна,1736
около год,1736
это вид,1735
играть ключевой,1735
верхний часть,1735
конкурентный преимущество,1735
использование дать,1734
республика дагестан,1734
весь уровень,1734
кемеровский область,1734
составлять весь,1731
год рис,1731
рекомендация европейский,1731
опубликовать год,1730
который участвовать,1730
различный заболевание,1730
недоношенный ребёнок,1729
это отношение,1729
также иметь,1729
время исследование,1729
функция левый,1729
образовательный организация,1728
этиологический фактор,1728
сывороточный уровень,1727
образовательный услуга,1723
новый метод,1722
многий исследование,1721
существенный изменение,1720
долгосрочный перспектива,1720
доказательный база,1720
результат деятельность,1717
многий случай,1716
высокий вероятность,1715
диастолический ада,1714
пациент мочь,1714
быть иметь,1714
нормативный документ,1713
провести анализ,1711
препарат выбор,1711
социальный сеть,1709
е сут,1708
год больной,1706
быть разделить,1706
государственный поддержка,1705
экономический система,1703
таблица результат,1700
контроль качество,1699
коэффициент корреляция,1699
весь остальной,1697
б год,1697
среди ребёнок,1696
смертность больной,1696
особый место,1696
связь уровень,1695
выброс левый,1694
больной сахарный,1693
интеллектуальный собственность,1693
недавно быть,1692
мес год,1692
направление развитие,1691
уровень креатинин,1691
проявление заболевание,1691
расчёт автор,1690
западный сибирь,1690
быть сопоставимый,1689
год дать,1689
страна высокий,1688
течение сутки,1688
показатель характеризовать,1688
пульсовый волна,1688
заболевание мочь,1687
перенести инфаркт,1687
число число,1686
оказывать существенный,1686
область год,1685
система организм,1684
культура клетка,1683
метод позволять,1682
температура воздух,1682
существовать ряд,1681
который представить,1681
год миллион,1680
пациент различный,1680
сравнение контроль,1678
являться высокий,1678
различный страна,1676
основной цель,1676
рис представить,1674
тучный клетка,1674
являться предиктор,1673
год показатель,1671
рост развитие,1671
хронический воспалительный,1669
указанный выше,1669
медиатор воспаление,1669
морфологический изменение,1668
дать год,1668
год сравнение,1668
результат получить,1668
экономический теория,1667
линия терапия,1667
лекарственный форма,1666
развитие российский,1666
установление диагноз,1664
приверженность лечение,1663
позволять использовать,1663
который стать,1662
ранее провести,1661
б рис,1661
получить дать,1661
основный задача,1660
помощь программа,1660
больной год,1659
полиорганный недостаточность,1659
наиболее перспективный,1658
широко распространить,1656
являться основной,1656
снижение скф,1656
развитие страна,1655
жизненно важный,1655
который осуществляться,1654
том метр,1654
опубликовать результат,1654
заболевание почка,1654
активный участие,1653
также наличие,1652
характеристика пациент,1652
лечение острый,1651
свой деятельность,1651
механический свойство,1650
хронический почечный,1649
жизнь население,1649
быть проанализировать,1649
восточный европа,1648
исследование цель,1648
россия быть,1648
страна страна,1648
способствовать повышение,1647
решение который,1647
употребление алкоголь,1647
длительность заболевание,1647
больной оа,1646
большой интерес,1645
литература описать,1642
увеличение размер,1641
соавт который,1641
нуклеотидный последовательность,1641
дефицит витамин,1640
прошлое столетие,1639
симптом заболевание,1639
площадь поверхность,1639
метр е,1638
основный часть,1637
два группа,1637
пациент получать,1636
практический применение,1636
минздрав россия,1636
том год,1636
причина это,1635
определяться формула,1634
фиксировать комбинация,1633
исход заболевание,1632
ммоль сут,1632
микроциркуляторный русло,1632
большой роль,1631
периферический артерия,1631
состав который,1631
гибель клетка,1630
острый фаза,1629
тип клетка,1628
верхний нижний,1628
который заключаться,1627
группа р,1627
продовольственный безопасность,1627
частота осложнение,1627
дать область,1627
молодой год,1626
сантиметр рисунок,1626
верхний конечность,1625
клинический ситуация,1625
главный причина,1625
который наблюдаться,1624
волна нм,1623
проводить помощь,1623
ткань уровень,1622
находиться предел,1620
снижение общий,1620
повышение содержание,1620
начало год,1619
инвестиционный проект,1619
состояние который,1616
физический лицо,1615
нестабильный стенокардия,1614
дать который,1614
ангиотензинпревращать фермент,1613
исходный значение,1613
иметь тенденция,1613
мочь вызвать,1613
внутренний рынок,1611
роль формирование,1611
биологический препарат,1611
почечный артерия,1609
коронарный шунтирование,1609
деятельность который,1609
быть направить,1609
каждый конкретный,1608
риска смерть,1607
международный организация,1607
препарат быть,1605
увеличение доля,1603
аллергический реакция,1602
иметь важный,1602
заболевание также,1602
дать влияние,1602
частота гц,1601
математический моделирование,1601
однако исследование,1601
функция который,1601
человек быть,1601
цепной реакция,1600
региональный уровень,1600
цель наш,1600
который возникать,1600
беременный женщина,1599
привести табла,1599
функция сердце,1599
органический вещество,1598
отношение шанс,1598
суставный хрящ,1597
значимый фактор,1597
тяжесть течение,1596
благоприятный условие,1595
год возраст,1595
тысяча том,1594
дистальный отдел,1594
это объясняться,1593
самый частый,1593
анализ влияние,1592
обратить внимание,1590
консервативный лечение,1590
год группа,1589
таблица динамик,1588
страна снг,1588
клапан сердце,1588
промежуток время,1588
положительный отрицательный,1587
режим работа,1587
сосудистый заболевание,1587
изучение эффективность,1586
коронарный вмешательство,1586
высокий качество,1584
который год,1582
показатель быть,1582
промежуточный товар,1581
иметь низкий,1580
е наш,1580
поражение лёгкое,1580
стратегия стратегия,1580
грудной вскармливание,1580
дисфункция левый,1579
выразить снижение,1579
национальный экономика,1579
красный волчанка,1579
следовать рассматривать,1578
год начало,1578
право человек,1577
иностранный инвестиция,1577
трудовой деятельность,1577
последний исследование,1576
развитие инфаркт,1576
модель быть,1576
вод ст,1576
который соответствовать,1575
значение индекс,1575
неравенство доход,1574
внезапный сердечный,1574
острый почечный,1574
большинство страна,1574
дисфункция лж,1573
больший часть,1573
иса следование,1573
сут год,1573
год москва,1573
сделать вывод,1572
анализ показать,1572
широкий использование,1571
английский язык,1571
позволять определить,1571
заболевание печень,1570
заболевание год,1570
представить работа,1569
центральный азия,1566
рекомендация диагностик,1566
случай тысяча,1565
эффект препарат,1564
комплексный лечение,1564
клетка кровь,1564
данные автор,1563
принять участие,1563
снижение число,1563
цель повышение,1562
литр год,1562
лечение хронический,1561
снижение показатель,1561
показать высокий,1561
протяжение год,1560
случай пациент,1560
хороший переносимость,1560
научный сотрудник,1559
вследствие это,1559
лечение быть,1558
часть пациент,1557
показать пациент,1556
антагонист рецептор,1556
банковский сектор,1556
зарубежный литература,1555
мочь представить,1555
результат измерение,1554
больной высокий,1554
болезнь альцгеймер,1552
тяжёлый степень,1552
скорость движение,1551
повышенный риска,1550
рост заболеваемость,1550
молочный железо,1549
современный исследование,1549
пациент старший,1549
российский рынок,1548
имя наш,1548
быть исследовать,1548
поражение печень,1547
иммуносупрессивный терапия,1546
назначение препарат,1546
дать позволять,1546
лицо старший,1545
лицо год,1544
терапевтический эффект,1544
медицинский организация,1544
участие пациент,1544
регион страна,1544
счёт увеличение,1543
го го,1543
государственный орган,1542
метод быть,1542
финансовый сектор,1542
представляться возможный,1541
наблюдение больной,1540
температура тело,1540
уровень ил,1539
уменьшение частота,1539
группа который,1538
год наблюдаться,1538
группа препарат,1538
клетка мочь,1536
литр мина,1536
снижение масса,1535
федеральный государственный,1535
соответствие который,1534
метод расчёт,1534
периоперационный период,1534
весь этап,1533
группа дексмедетомидин,1533
работа изучение,1532
нижний часть,1532
общий уровень,1532
негативный последствие,1532
ген устойчивость,1532
достаточно большой,1531
интерлейкина ил,1531
применение различный,1531
это являться,1530
наш том,1530
поставить задача,1530
заработный плат,1529
профессиональный подготовка,1529
предыдущий исследование,1529
начало век,1528
который требовать,1527
толерантность глюкоза,1527
составной часть,1526
снижение качество,1526
искусственный вентиляция,1525
отрицательный весь,1524
приоритетный направление,1524
течение болезнь,1524
ацетилсалициловый кислота,1524
являться ведущий,1524
подростковый возраст,1524
задача который,1524
угол наклон,1524
предиктор развитие,1524
уменьшение число,1523
страна ес,1523
влияние фактор,1523
газовый смесь,1522
южный корея,1521
липопротеид низка,1520
год соответственно,1520
временной интервал,1520
частота рецидив,1519
правовой акт,1519
основный группа,1518
исследование это,1517
приводить значительный,1517
составлять среднее,1517
мм число,1516
базальный мембрана,1515
составлять случай,1515
прогноз пациент,1515
условие развитие,1515
больной имя,1515
тысяча год,1514
клинический форма,1514
однако это,1514
рассматриваться качество,1513
провести анализ,1513
порок развитие,1513
российский академия,1512
который характерный,1511
существенно выше,1509
желудочковый тахикардия,1509
существенный снижение,1508
составлять менее,1508
сантиметр вод,1508
быть поставить,1508
развитие система,1507
физический развитие,1507
фактор являться,1506
том б,1506
часть который,1505
задача являться,1505
низкий показатель,1503
клетка также,1503
вирусный гепатит,1503
активность ра,1503
весь видимость,1502
тяжесть заболевание,1502
соответственно р,1501
счёт снижение,1501
следовать подчеркнуть,1501
высокий учебный,1500
который использовать,1500
течение длительный,1499
исследование позволять,1499
обследование больной,1498
отделение реанимация,1498
общественный благо,1498
возможный причина,1497
количество больной,1497
сравнение здоровый,1497
б б,1497
рак почка,1496
курс рубль,1495
наблюдаться пациент,1495
метастатический поражение,1494
провести год,1494
дробный сантиметр,1493
быть взять,1493
общий анестезия,1493
позволить выявить,1492
смерть больной,1492
больной тяжёлый,1491
встречаться чаща,1490
нервный волокно,1488
связать высокий,1488
соединить штат,1487
автор статья,1487
это время,1487
вегетативный нервный,1487
мг мл,1486
больной окс,1485
случай являться,1485
курс лечение,1485
спустя год,1484
напрячь состояние,1483
который вызывать,1483
очень важный,1482
водный раствор,1482
финансовый ресурс,1482
уровень потребление,1482
получить помощь,1481
поражение сердце,1480
глубина метр,1480
актуальный задача,1479
год являться,1479
объём производство,1479
быть способствовать,1478
когнитивный расстройство,1478
аналогичный дать,1478
бактериальный инфекция,1477
позволять снизить,1477
государственный гражданский,1477
это происходить,1476
глюкоза кровь,1476
ген который,1476
причина смертность,1476
создание условие,1475
случайный величина,1474
дать эффективность,1474
значительный повышение,1473
повреждать действие,1473
летний период,1473
функция миокард,1473
год российский,1472
являться метод,1471
семейный анамнез,1471
тесный связь,1471
респираторный инфекция,1470
наряду это,1470
время год,1470
общий численность,1470
право собственность,1470
здоровый донор,1469
процесс являться,1468
это касаться,1468
являться отсутствие,1466
восстановление функция,1465
центральный часть,1465
отрицательный результат,1464
государственный контроль,1463
должный стать,1462
область ку,1462
получать лечение,1462
тенденция увеличение,1462
гражданский общество,1462
который наиболее,1461
международный стандарт,1461
конечный продукт,1461
современный общество,1460
дать представить,1460
достаточный количество,1460
иметься дать,1459
новый подход,1458
срб мг,1458
анализ кровь,1456
уровень гемоглобин,1456
методика расчёт,1456
средний величина,1455
этап исследование,1455
ремоделирование миокард,1455
среди причина,1454
время проведение,1454
плоскоклеточный рак,1454
среда который,1454
килограмм масса,1454
эндотелиальный дисфункция,1454
свёртывание кровь,1454
система оценка,1452
пролиферация клетка,1452
вопрос связанный,1452
решение система,1452
пять год,1452
национальный валюта,1452
территория россия,1450
различие частота,1450
поражение кожа,1450
экспериментальный клинический,1449
метод решение,1449
натрийуретический пептид,1449
развитие регион,1449
мужской полый,1448
количество исследование,1448
составлять соответственно,1448
проблема который,1447
однако следовать,1447
повышенный экспрессия,1447
различие показатель,1446
тело имт,1446
использоваться метод,1446
мочь возникнуть,1446
трансформировать фактор,1446
также показать,1445
структура который,1445
трансплантация сердце,1445
фактор транскрипция,1445
ранний выявление,1444
желудочковый аритмия,1444
течение первое,1444
х х,1443
наш плата,1442
новое поколение,1442
выше пациент,1441
лабораторный исследование,1441
решение дать,1441
год отмечаться,1440
дать система,1439
полимеразный цепной,1439
московский область,1439
ингаляционный анестетик,1438
уровень безработица,1438
оставаться открытый,1438
случай смерть,1437
весь жизнь,1437
поставить цель,1436
разделить группа,1436
боль ных,1436
сравнение результат,1435
плацебоконтролировать исследование,1435
литр литр,1434
быть диагностировать,1434
свой собственный,1432
мембрана клетка,1432
значительный влияние,1432
выступать качество,1431
также снижение,1431
эндопротезирование коленный,1431
быть предпринять,1431
часто использоваться,1430
иметь следующий,1429
северный кавказ,1429
развитие фп,1428
уровень который,1428
препарат мочь,1427
это план,1427
результат использование,1427
который показать,1426
различный регион,1426
месяц год,1426
функция лёгкое,1425
группа составить,1424
рис показать,1424
работа выполнить,1424
интегральный показатель,1423
основный компонент,1423
стандартный методика,1423
мочь сопровождаться,1423
сосудистый русло,1422
показать рис,1422
нормальный распределение,1422
год количество,1421
федеральный служба,1420
небольшой число,1420
который состоять,1420
страна регион,1420
различный способ,1419
многое зависеть,1418
фактор способствовать,1418
осложнение сторона,1418
важный являться,1418
обработка результат,1418
должный иметь,1417
методический рекомендация,1417
уровень заболеваемость,1416
умение навык,1416
работа посвятить,1415
горный порода,1414
зарубежный исследование,1413
некоторый работа,1413
ближний год,1412
наблюдаться снижение,1412
отдельный вид,1412
следовать считать,1412
год автор,1411
метод основать,1411
клинический характеристика,1411
эффективность работа,1411
время оставаться,1410
регрессионный анализ,1410
септический шок,1408
ростовый фактор,1408
рубль год,1408
также дать,1408
трудовой ресурс,1408
опухоль фно,1406
исследование частота,1404
некоторые данные,1404
многий год,1404
сократительный функция,1404
рис схема,1403
толерантность физический,1403
система мочь,1402
выбор оптимальный,1402
новый зеландия,1402
артериальный кровь,1402
острый имя,1402
статистический значимость,1402
рыночный экономика,1401
система также,1401
сопровождаться увеличение,1400
год источник,1400
распространение получить,1400
важный аспект,1399
клетка эндотелий,1399
лазерный излучение,1399
изменение концентрация,1398
год иметь,1398
имя метр,1398
исследование включать,1397
весь исследование,1397
клинический исход,1397
также отметить,1396
финансовый развитие,1396
изменение показатель,1396
статистически достоверный,1395
ситуация который,1393
сектор мужчина,1393
советский союз,1393
дополнительный фактор,1393
кризис год,1393
быть построить,1393
зависимость степень,1392
найти отражение,1392
аортальный клапан,1391
год время,1391
год килограмм,1390
лабораторный показатель,1390
внимание исследователь,1389
двенадцатиперстный кишка,1389
который играть,1388
который содержимый,1388
показатель который,1388
смертность ссз,1388
это мочь,1387
клинический дать,1387
население страна,1386
том клетка,1386
отечественный литература,1386
однако весь,1385
обзор литература,1385
медицинский учреждение,1384
смертность пациент,1384
снижать уровень,1384
побочный реакция,1384
суточный мониторирование,1384
медицинский услуга,1384
дать автор,1383
являться единственный,1382
лечение профилактика,1382
эффект быть,1381
экономика страна,1381
чрескожный коронарный,1380
интенсивность боль,1380
год лечение,1379
нормативный правовой,1379
поражение сосуд,1379
стенокардия напряжение,1379
развитие личность,1379
следующий показатель,1379
зрительный нерв,1378
снижение скорость,1378
томография мрт,1377
единый мнение,1377
который способный,1377
снижение экспрессия,1376
малое таз,1376
различный исследование,1376
который проявляться,1375
сосудистый осложнение,1375
лечение ра,1375
зависимость наличие,1374
являться снижение,1373
жёлчный проток,1372
мкг килограмм,1372
снижение функция,1371
выше группа,1371
исследование подтверждать,1371
болезнь система,1371
американский ассоциация,1371
отмечаться снижение,1370
лишь случай,1370
клинический применение,1370
быть применить,1370
должностной лицо,1370
уровень значимость,1370
контроль надзор,1370
класс рекомендация,1369
оставаться неясный,1369
дать показатель,1369
позволять рассматривать,1369
год общий,1369
всемирный банка,1368
дать результат,1368
повышение экспрессия,1368
система гемостаз,1368
литр ц,1368
уровень жизнь,1367
возраст мес,1367
европейский рекомендация,1367
возможность развитие,1367
быть сформулировать,1366
липидный спектр,1365
однако последний,1365
являться необходимый,1365
маркер воспаление,1365
терапия быть,1364
основный механизм,1364
пациент находиться,1364
заболевание пациент,1363
двигательный активность,1363
литр хс,1362
клинический симптоматика,1362
проблема современный,1361
инфузионный терапия,1361
высокий смертность,1361
причина который,1360
сравнительный оценка,1359
подробно описать,1359
составлять тысяча,1359
системный красный,1359
исследование позволить,1359
обмен вещество,1357
мышечный ткань,1357
сопровождаться снижение,1356
онкологический больной,1356
синовиальный оболочка,1356
источник дать,1356
межжелудочковый перегородка,1355
ме й,1355
систолический дисфункция,1355
также высокий,1354
исследование проводить,1354
получить широкий,1354
различный группа,1353
реализация проект,1351
степень злокачественность,1351
полезный ископаемое,1350
приводить рост,1350
экспертный оценка,1350
дать свидетельствующий,1349
прогрессирование атеросклероз,1349
указ президент,1348
неблагоприятный фактор,1348
однако результат,1348
мочь получить,1348
таблица характеристика,1347
абсолютный значение,1347
результат ряд,1347
больной стабильный,1346
отдельный случай,1346
выделить следующий,1345
тело килограмм,1345
б льший,1345
медикаментозный лечение,1344
плечевой сустав,1344
включать пациент,1343
внешний фактор,1343
который часто,1342
злоупотребление алкоголь,1341
звено патогенез,1341
анализ получить,1341
кожный покров,1341
иметь существенный,1340
передача сигнал,1340
индивидуальный особенность,1340
тенденция развитие,1340
негативный воздействие,1340
работа представить,1340
задний стенка,1339
наиболее вероятный,1339
образовательный стандарт,1338
который иметься,1338
недавний время,1337
следовать также,1336
банковский система,1335
прогностический ценность,1335
составить тысяча,1335
реализация программа,1335
показать высокий,1335
плечевой артерия,1335
представить работа,1334
внедрение клинический,1334
который весь,1334
стратификация риска,1334
недостаточный эффективность,1333
синовиальный жидкость,1333
печёночный недостаточность,1332
малое средний,1332
исследование выявить,1332
квартал год,1332
это свидетельствовать,1331
проводить использование,1331
рассчитать зависимость,1331
наблюдательный исследование,1331
доза облучение,1330
способствовать увеличение,1330
предметный область,1330
который рассматриваться,1330
посвятить работа,1329
обеспечение безопасность,1328
два порядок,1328
домашний хозяйство,1328
популяция больной,1328
существенно отличаться,1327
пожилое больной,1326
первое случай,1325
быть рассчитать,1325
экономический литература,1324
пациент имя,1324
иной степень,1324
форма фп,1324
быть маленький,1324
таблица показатель,1323
повреждение ткань,1322
мочь объяснить,1322
р сравнение,1322
вклад развитие,1322
применение ингибитор,1322
серьёзный проблема,1321
государственный долг,1321
также ряд,1321
медицинский персонал,1321
страна быть,1320
почечный дисфункция,1319
старший возрастной,1319
госпитализация повод,1319
также показать,1318
тошнота рвота,1317
значительный роль,1316
пожилое старческий,1316
свидетельствовать высокий,1315
значение это,1315
автор основа,1315
заключение образ,1315
антиаритмический препарат,1314
проводиться исследование,1314
широко использовать,1314
голов шея,1313
данные воз,1313
финансовый институт,1312
матриксный металлопротеиназа,1311
часть больной,1311
стратегия лечение,1311
профиль безопасность,1311
некоторый страна,1310
значительно маленький,1310
абдоминальный ожирение,1310
рак предстательный,1310
протяжение весь,1310
активатор плазминоген,1309
автор исследование,1309
практически отсутствовать,1309
отличительный особенность,1309
тяжёлый металл,1308
дифференциальный диагностик,1308
серьёзный осложнение,1308
зарубежный исследователь,1308
изучить недостаточно,1307
большинство работа,1307
минимальный значение,1307
функция печень,1306
ввп душить,1306
относительно небольшой,1306
приводить формирование,1306
изменение который,1306
данный факт,1305
положительный динамик,1304
характеристика больной,1304
мг нед,1303
морфологический исследование,1302
депрессивный расстройство,1302
также способствовать,1302
свой время,1301
мнение эксперт,1301
витамин е,1301
следующий этап,1301
данный тип,1300
который принимать,1300
связь высокий,1299
контроль ада,1299
размер частица,1299
доступный литература,1299
автор также,1298
концентрация кровь,1298
существовать мнение,1298
мера увеличение,1297
результат мочь,1297
подход определение,1295
несмотря это,1294
почечный повреждение,1294
высокий скорость,1294
больной ас,1293
воспалительный изменение,1291
иметь возможность,1291
составить мес,1291
также работа,1290
ингибитор ангиотензинпревращать,1289
мировой практика,1289
число наш,1288
фондовый рынок,1288
наибольший степень,1288
год впервые,1287
пациент стабильный,1287
именно это,1286
мозговой инсульт,1286
развитие рак,1286
первичный чкв,1285
год случай,1285
развитие синдром,1285
крайне редко,1284
популяция пациент,1284
западный часть,1284
менее мм,1282
боков стенка,1281
критерий диагностика,1281
терминальный стадия,1281
данный препарат,1280
кривая филлипёс,1280
который обычно,1279
прямая зависимость,1279
опыт работа,1278
больший значение,1278
год работа,1278
взрослый ребёнок,1278
лицо молодой,1278
основа развитие,1277
весь тип,1277
применение это,1277
общий состояние,1277
внешний политика,1277
короткий срок,1276
показатель уровень,1276
достаточно часто,1276
средний степень,1276
следовать отнести,1276
фолиевый кислота,1275
наш наблюдение,1275
ход который,1275
геморрагический осложнение,1275
позволять говорить,1275
оставаться высокий,1275
занимать е,1275
минеральный плотность,1275
экспрессия рецептор,1274
корпоративный управление,1274
перенести инсульт,1274
значительно реж,1274
смертельный исход,1273
быть сформировать,1273
ага являться,1273
таргетный терапия,1273
нижний челюсть,1273
сфера деятельность,1273
поверхность тело,1273
уровень сывороточный,1272
финансовый отчётность,1272
максимально возможный,1272
быть равный,1272
оставаться актуальный,1272
тромболитический терапия,1272
исследование мочь,1271
препарат являться,1271
результат экспериментальный,1270
наблюдаться больной,1270
наш год,1270
особенность течение,1270
тело ожирение,1270
стадия хбп,1270
повреждение лёгкое,1269
отрасль промышленность,1269
включить больной,1269
согласно исследование,1268
система государственный,1268
коронарный кровоток,1268
выявить быть,1267
федеральный орган,1267
мягкий пшеница,1267
направление исследование,1266
соэ мм,1266
таблица основной,1266
мг год,1265
иммунный комплекс,1265
доказательный медицина,1265
железнодорожный транспорт,1265
определённый степень,1264
достоверно чаща,1264
деятельность человек,1264
процесс мочь,1263
автор который,1263
костный масса,1263
половина возраст,1263
темп прирост,1262
использование современный,1262
меньший мера,1262
значимый влияние,1262
кардиохирургический вмешательство,1262
пациент ранний,1261
исследование группа,1261
лечение являться,1261
финансовый поддержка,1261
описать работа,1260
отрасль экономика,1259
отёк лёгкое,1259
данный вопрос,1259
международный отношение,1259
экспериментальный животное,1258
критерий исключение,1258
являться главный,1258
экономический безопасность,1258
половина пациент,1258
биологический активность,1258
автор использовать,1258
период полувыведение,1257
плечевой костя,1257
ведущий место,1257
терапия мт,1257
критерий стьюдента,1257
уменьшение объём,1256
система быть,1256
входить состав,1256
противовоспалительный эффект,1255
заболевание быть,1255
качество образование,1255
режим реальный,1255
причинно-следственный связь,1255
скелетный мышца,1254
основный цель,1254
мочь развиваться,1254
повышенный концентрация,1254
возможность получение,1254
пациент окс,1253
редкий случай,1253
плата р,1253
фон применение,1252
стратегический управление,1252
тревожный расстройство,1252
функция распределение,1252
корреляция уровень,1252
снижать частота,1252
метод который,1251
описать год,1251
быть ассоциировать,1251
питательный вещество,1250
артрит ра,1250
дать клинический,1249
реологический свойство,1249
несколько исследование,1249
мочь определить,1248
являться обязательный,1248
социальный группа,1248
учебный деятельность,1247
практически здоровый,1246
относительно высокий,1246
являться определение,1246
структура функция,1244
свидетельствовать наличие,1244
креатинин сыворотка,1244
приём пища,1244
рак толстой,1244
перелом кость,1244
потребительский цена,1243
работа дать,1242
параметр модель,1242
орган зац,1242
год период,1241
автор показать,1240
гражданский служащий,1240
выявить пациент,1240
дифференцировка клетка,1240
поясничный отдел,1239
связать увеличение,1239
сельскохозяйственный продукция,1239
большеберцовый костя,1239
голеностопный сустав,1237
ремоделирование лж,1237
работа использоваться,1237
механизм влияние,1237
улучшение показатель,1236
уровень артериальный,1236
условие труд,1235
мочь проявляться,1235
динамический наблюдение,1235
длительный приём,1234
терапия являться,1234
аортокоронарный шунтирование,1234
иммунокомпетентный клетка,1234
половина х,1233
быть большой,1233
лицо пожилое,1233
грудной молоко,1233
врождённый иммунитет,1232
опухолевый ткань,1232
развитие финансовый,1231
группа ребёнок,1231
давление лёгочный,1231
больной ба,1231
сравнение показатель,1230
эффект который,1230
являться достаточно,1230
мочь причина,1229
мнение некоторый,1229
молекулярный механизм,1229
зависимость возраст,1229
позволить установить,1229
определённый условие,1229
быть оценить,1229
научный центр,1228
медицинский работник,1227
эффективный доза,1227
приводить изменение,1227
менее выразить,1227
вариант ген,1226
улучшение функция,1226
оказывать влияние,1226
показатель общий,1225
нарушение липидный,1225
тысяча чело,1225
очень низкий,1224
это пациент,1224
повышение конкурентоспособность,1223
программный комплекс,1223
год уровень,1223
благоприятный влияние,1223
высокий точность,1222
вероятность возникновение,1222
социальный экономический,1222
фундаментальный исследование,1222
соответствие требование,1221
возникать вопрос,1221
нарушение метаболизм,1221
пациент дать,1220
риска ссз,1220
важный проблема,1220
сложный задача,1220
группа показатель,1220
ожидать продолжительность,1220
внедрение новый,1220
фактор мочь,1220
сравнение эффективность,1219
механизм регуляция,1219
налоговый система,1218
скорость распространение,1218
развитие рецидив,1218
пероральный приём,1218
хс лвп,1217
значительный улучшение,1217
компьютерный программа,1217
однако большинство,1217
рецидив заболевание,1217
выделять следующий,1216
половый гормон,1216
показать больной,1216
низкий частота,1216
публикация посвятить,1216
важный компонент,1215
обсуждение результат,1215
портальный гипертензия,1215
уменьшение размер,1214
территория российский,1214
этнический группа,1214
подготовка специалист,1214
продолжение таблица,1214
критерий эффективность,1213
нозологический форма,1213
формирование новый,1213
европа сша,1213
инфекционный болезнь,1212
исследователь считать,1211
триллион рубль,1211
становиться весь,1211
исследование уровень,1210
экономический наука,1210
краснодарский край,1209
человек мочь,1209
ишемический повреждение,1209
наиболее изучить,1208
рандомизировать двойной,1208
развитие это,1208
изменение параметр,1208
связь развитие,1207
денежный масса,1207
уменьшение выраженность,1207
генетический предрасположенность,1207
снижение доза,1207
влияние уровень,1207
тревога депрессия,1207
предыдущий год,1206
увеличение экспрессия,1206
свой эффективность,1206
основный роль,1205
суставный поверхность,1205
мочь значительно,1205
